,beeid,datetime,time,thoraxtemp,second,minute,start_time,elapse_sec,elapse_min
1,d01,1/1/2010 19:42,19:42:16,15.88,0,0s,70936,0,0
2,d01,1/1/2010 19:42,19:42:48,20.17,32,32s,70936,32,0.533333333
3,d01,1/1/2010 19:43,19:43:16,23.06,28,28s,70936,60,1
4,d01,1/1/2010 19:43,19:43:46,24.63,30,30s,70936,90,1.5
5,d01,1/1/2010 19:44,19:44:16,25.85,30,30s,70936,120,2
6,d01,1/1/2010 19:44,19:44:48,27.07,32,32s,70936,152,2.533333333
7,d01,1/1/2010 19:45,19:45:20,28.37,32,32s,70936,184,3.066666667
8,d01,1/1/2010 19:45,19:45:46,29.35,26,26s,70936,210,3.5
9,d01,1/1/2010 19:46,19:46:16,30.19,30,30s,70936,240,4
10,d01,1/1/2010 19:46,19:46:46,31.49,30,30s,70936,270,4.5
11,d01,1/1/2010 19:47,19:47:17,33.3,31,31s,70936,301,5.016666667
12,d01,1/1/2010 19:47,19:47:47,35.45,30,30s,70936,331,5.516666667
13,d01,1/1/2010 19:48,19:48:16,36.87,29,29s,70936,360,6
14,d01,1/1/2010 19:48,19:48:47,39.07,31,31s,70936,391,6.516666667
15,d01,1/1/2010 19:49,19:49:17,33.87,30,30s,70936,421,7.016666667
16,d01,1/1/2010 19:49,19:49:48,33.79,31,31s,70936,452,7.533333333
17,d01,1/1/2010 19:50,19:50:17,33.52,29,29s,70936,481,8.016666667
18,d01,1/1/2010 19:51,19:51:16,42.68,59,59s,70936,540,9
19,d01,1/1/2010 19:51,19:51:48,40.91,32,32s,70936,572,9.533333333
20,d01,1/1/2010 19:52,19:52:16,40.44,28,28s,70936,600,10
21,d02,1/1/2010 19:53,19:53:55,18.68,0,0s,71635,0,0
22,d02,1/1/2010 19:54,19:54:41,22.19,46,46s,71635,46,0.766666667
23,d02,1/1/2010 19:54,19:54:53,22.45,12,12s,71635,58,0.966666667
24,d02,1/1/2010 19:55,19:55:24,24.27,31,31s,71635,89,1.483333333
25,d02,1/1/2010 19:55,19:55:53,25.69,29,29s,71635,118,1.966666667
26,d02,1/1/2010 19:56,19:56:28,27.39,35,35s,71635,153,2.55
27,d02,1/1/2010 19:56,19:56:53,28.8,25,25s,71635,178,2.966666667
28,d02,1/1/2010 19:57,19:57:24,30.22,31,31s,71635,209,3.483333333
29,d02,1/1/2010 19:57,19:57:54,30.52,30,30s,71635,239,3.983333333
30,d02,1/1/2010 19:58,19:58:23,34.83,29,29s,71635,268,4.466666667
31,d02,1/1/2010 19:58,19:58:53,36.01,30,30s,71635,298,4.966666667
32,d02,1/1/2010 19:59,19:59:24,37.27,31,31s,71635,329,5.483333333
33,d02,1/1/2010 19:59,19:59:54,38.68,30,30s,71635,359,5.983333333
34,d02,1/1/2010 20:00,20:00:23,36.28,29,29s,71635,388,6.466666667
35,d02,1/1/2010 20:01,20:01:01,38.56,38,38s,71635,426,7.1
36,d02,1/1/2010 20:01,20:01:23,37.34,22,22s,71635,448,7.466666667
37,d02,1/1/2010 20:01,20:01:53,37.82,30,30s,71635,478,7.966666667
38,d02,1/1/2010 20:02,20:02:24,38.95,31,31s,71635,509,8.483333333
39,d02,1/1/2010 20:02,20:02:54,36.88,30,30s,71635,539,8.983333333
40,d02,1/1/2010 20:03,20:03:23,38.45,29,29s,71635,568,9.466666667
41,d02,1/1/2010 20:03,20:03:54,38.04,31,31s,71635,599,9.983333333
42,d03,1/1/2010 20:05,20:05:30,13.78,0,0s,72330,0,0
43,d03,1/1/2010 20:06,20:06:01,18.55,31,31s,72330,31,0.516666667
44,d03,1/1/2010 20:06,20:06:32,20.67,31,31s,72330,62,1.033333333
45,d03,1/1/2010 20:07,20:07:01,22.66,29,29s,72330,91,1.516666667
46,d03,1/1/2010 20:07,20:07:31,25.27,30,30s,72330,121,2.016666667
47,d03,1/1/2010 20:08,20:08:01,26.09,30,30s,72330,151,2.516666667
48,d03,1/1/2010 20:08,20:08:31,27.78,30,30s,72330,181,3.016666667
49,d03,1/1/2010 20:09,20:09:05,29.03,34,34s,72330,215,3.583333333
50,d03,1/1/2010 20:09,20:09:32,29.05,27,27s,72330,242,4.033333333
51,d03,1/1/2010 20:10,20:10:01,30.03,29,29s,72330,271,4.516666667
52,d03,1/1/2010 20:10,20:10:32,34.57,31,31s,72330,302,5.033333333
53,d03,1/1/2010 20:11,20:11:01,38.16,29,29s,72330,331,5.516666667
54,d03,1/1/2010 20:11,20:11:31,41.19,30,30s,72330,361,6.016666667
55,d03,1/1/2010 20:12,20:12:01,40.42,30,30s,72330,391,6.516666667
56,d03,1/1/2010 20:12,20:12:32,36.28,31,31s,72330,422,7.033333333
57,d03,1/1/2010 20:13,20:13:01,38.53,29,29s,72330,451,7.516666667
58,d03,1/1/2010 20:13,20:13:32,38.81,31,31s,72330,482,8.033333333
59,d03,1/1/2010 20:14,20:14:01,38.36,29,29s,72330,511,8.516666667
60,d03,1/1/2010 20:14,20:14:31,36.33,30,30s,72330,541,9.016666667
61,d03,1/1/2010 20:15,20:15:02,37.41,31,31s,72330,572,9.533333333
62,d03,1/1/2010 20:15,20:15:31,37.87,29,29s,72330,601,10.01666667
63,d04,1/10/2010 19:22,19:22:55,16.97,0,0s,69775,0,0
64,d04,1/10/2010 19:23,19:23:27,19.4,32,32s,69775,32,0.533333333
65,d04,1/10/2010 19:23,19:23:56,22.05,29,29s,69775,61,1.016666667
66,d04,1/10/2010 19:24,19:24:26,23.69,30,30s,69775,91,1.516666667
67,d04,1/10/2010 19:24,19:24:56,25.31,30,30s,69775,121,2.016666667
68,d04,1/10/2010 19:25,19:25:25,26.6,29,29s,69775,150,2.5
69,d04,1/10/2010 19:25,19:25:56,27.52,31,31s,69775,181,3.016666667
70,d04,1/10/2010 19:26,19:26:26,27.79,30,30s,69775,211,3.516666667
71,d04,1/10/2010 19:27,19:27:00,28.33,34,34s,69775,245,4.083333333
72,d04,1/10/2010 19:27,19:27:27,28.8,27,27s,69775,272,4.533333333
73,d04,1/10/2010 19:27,19:27:55,29.1,28,28s,69775,300,5
74,d04,1/10/2010 19:28,19:28:26,29.5,31,31s,69775,331,5.516666667
75,d04,1/10/2010 19:28,19:28:56,29.6,30,30s,69775,361,6.016666667
76,d04,1/10/2010 19:29,19:29:26,29.68,30,30s,69775,391,6.516666667
77,d04,1/10/2010 19:29,19:29:56,29.87,30,30s,69775,421,7.016666667
78,d04,1/10/2010 19:30,19:30:26,30.24,30,30s,69775,451,7.516666667
79,d04,1/10/2010 19:30,19:30:56,30.66,30,30s,69775,481,8.016666667
80,d04,1/10/2010 19:31,19:31:26,31.78,30,30s,69775,511,8.516666667
81,d04,1/10/2010 19:31,19:31:56,32.13,30,30s,69775,541,9.016666667
82,d04,1/10/2010 19:32,19:32:26,34.14,30,30s,69775,571,9.516666667
83,d04,1/10/2010 19:32,19:32:56,34.16,30,30s,69775,601,10.01666667
84,d05,1/10/2010 19:34,19:34:30,15.69,0,0s,70470,0,0
85,d05,1/10/2010 19:35,19:35:02,19.18,32,32s,70470,32,0.533333333
86,d05,1/10/2010 19:35,19:35:31,20.23,29,29s,70470,61,1.016666667
87,d05,1/10/2010 19:36,19:36:01,23.95,30,30s,70470,91,1.516666667
88,d05,1/10/2010 19:36,19:36:30,25.32,29,29s,70470,120,2
89,d05,1/10/2010 19:37,19:37:00,25.53,30,30s,70470,150,2.5
90,d05,1/10/2010 19:37,19:37:30,26.68,30,30s,70470,180,3
91,d05,1/10/2010 19:38,19:38:00,28.85,30,30s,70470,210,3.5
92,d05,1/10/2010 19:38,19:38:30,29.68,30,30s,70470,240,4
93,d05,1/10/2010 19:39,19:39:01,31.45,31,31s,70470,271,4.516666667
94,d05,1/10/2010 19:39,19:39:30,33.46,29,29s,70470,300,5
95,d05,1/10/2010 19:40,19:40:00,36.62,30,30s,70470,330,5.5
96,d05,1/10/2010 19:40,19:40:31,41.3,31,31s,70470,361,6.016666667
97,d05,1/10/2010 19:41,19:41:00,40.74,29,29s,70470,390,6.5
98,d05,1/10/2010 19:41,19:41:31,40.65,31,31s,70470,421,7.016666667
99,d05,1/10/2010 19:42,19:42:00,40.23,29,29s,70470,450,7.5
100,d05,1/10/2010 19:42,19:42:31,38.36,31,31s,70470,481,8.016666667
101,d05,1/10/2010 19:43,19:43:01,35.64,30,30s,70470,511,8.516666667
102,d05,1/10/2010 19:43,19:43:31,37.47,30,30s,70470,541,9.016666667
103,d05,1/10/2010 19:44,19:44:01,35.22,30,30s,70470,571,9.516666667
104,d05,1/10/2010 19:44,19:44:31,37.15,30,30s,70470,601,10.01666667
105,d06,1/10/2010 19:53,19:53:16,12.52,0,0s,71596,0,0
106,d06,1/10/2010 19:53,19:53:45,16.61,29,29s,71596,29,0.483333333
107,d06,1/10/2010 19:54,19:54:17,18.62,32,32s,71596,61,1.016666667
108,d06,1/10/2010 19:54,19:54:48,19.88,31,31s,71596,92,1.533333333
109,d06,1/10/2010 19:55,19:55:18,21.26,30,30s,71596,122,2.033333333
110,d06,1/10/2010 19:55,19:55:48,24.96,30,30s,71596,152,2.533333333
111,d06,1/10/2010 19:56,19:56:17,26.4,29,29s,71596,181,3.016666667
112,d06,1/10/2010 19:56,19:56:47,28.08,30,30s,71596,211,3.516666667
113,d06,1/10/2010 19:57,19:57:18,29.36,31,31s,71596,242,4.033333333
114,d06,1/10/2010 19:57,19:57:47,31.87,29,29s,71596,271,4.516666667
115,d06,1/10/2010 19:58,19:58:17,32.67,30,30s,71596,301,5.016666667
116,d06,1/10/2010 19:58,19:58:47,35.62,30,30s,71596,331,5.516666667
117,d06,1/10/2010 19:59,19:59:17,37.76,30,30s,71596,361,6.016666667
118,d06,1/10/2010 19:59,19:59:46,39.97,29,29s,71596,390,6.5
119,d06,1/10/2010 20:00,20:00:17,37.79,31,31s,71596,421,7.016666667
120,d06,1/10/2010 20:00,20:00:48,37.26,31,31s,71596,452,7.533333333
121,d06,1/10/2010 20:01,20:01:17,38.87,29,29s,71596,481,8.016666667
122,d06,1/10/2010 20:01,20:01:47,40.55,30,30s,71596,511,8.516666667
123,d06,1/10/2010 20:02,20:02:17,35.77,30,30s,71596,541,9.016666667
124,d06,1/10/2010 20:02,20:02:48,38.61,31,31s,71596,572,9.533333333
125,d06,1/10/2010 20:03,20:03:17,39.84,29,29s,71596,601,10.01666667
126,d07,1/10/2010 20:05,20:05:05,13.89,0,0s,72305,0,0
127,d07,1/10/2010 20:05,20:05:36,17.71,31,31s,72305,31,0.516666667
128,d07,1/10/2010 20:06,20:06:05,20.19,29,29s,72305,60,1
129,d07,1/10/2010 20:06,20:06:35,22.14,30,30s,72305,90,1.5
130,d07,1/10/2010 20:07,20:07:05,22.88,30,30s,72305,120,2
131,d07,1/10/2010 20:07,20:07:36,23.51,31,31s,72305,151,2.516666667
132,d07,1/10/2010 20:08,20:08:06,24.87,30,30s,72305,181,3.016666667
133,d07,1/10/2010 20:08,20:08:36,26.33,30,30s,72305,211,3.516666667
134,d07,1/10/2010 20:09,20:09:06,28.08,30,30s,72305,241,4.016666667
135,d07,1/10/2010 20:09,20:09:36,29.23,30,30s,72305,271,4.516666667
136,d07,1/10/2010 20:10,20:10:05,30.78,29,29s,72305,300,5
137,d07,1/10/2010 20:10,20:10:35,33.16,30,30s,72305,330,5.5
138,d07,1/10/2010 20:11,20:11:05,35.12,30,30s,72305,360,6
139,d07,1/10/2010 20:11,20:11:36,36.68,31,31s,72305,391,6.516666667
140,d07,1/10/2010 20:12,20:12:05,37.49,29,29s,72305,420,7
141,d07,1/10/2010 20:12,20:12:37,36.78,32,32s,72305,452,7.533333333
142,d07,1/10/2010 20:13,20:13:05,37.18,28,28s,72305,480,8
143,d07,1/10/2010 20:13,20:13:37,37.16,32,32s,72305,512,8.533333333
144,d07,1/10/2010 20:14,20:14:07,37.76,30,30s,72305,542,9.033333333
145,d07,1/10/2010 20:14,20:14:36,38.27,29,29s,72305,571,9.516666667
146,d07,1/10/2010 20:15,20:15:10,39.01,34,34s,72305,605,10.08333333
147,d08,1/10/2010 20:17,20:17:51,15.05,0,0s,73071,0,0
148,d08,1/10/2010 20:18,20:18:22,20.26,31,31s,73071,31,0.516666667
149,d08,1/10/2010 20:18,20:18:58,22.61,36,36s,73071,67,1.116666667
150,d08,1/10/2010 20:19,20:19:21,23.82,23,23s,73071,90,1.5
151,d08,1/10/2010 20:19,20:19:52,25.34,31,31s,73071,121,2.016666667
152,d08,1/10/2010 20:20,20:20:25,26.28,33,33s,73071,154,2.566666667
153,d08,1/10/2010 20:20,20:20:51,27.11,26,26s,73071,180,3
154,d08,1/10/2010 20:21,20:21:22,27.34,31,31s,73071,211,3.516666667
155,d08,1/10/2010 20:21,20:21:52,27.7,30,30s,73071,241,4.016666667
156,d08,1/10/2010 20:22,20:22:22,28.26,30,30s,73071,271,4.516666667
157,d08,1/10/2010 20:22,20:22:52,28.5,30,30s,73071,301,5.016666667
158,d08,1/10/2010 20:23,20:23:22,28.84,30,30s,73071,331,5.516666667
159,d08,1/10/2010 20:23,20:23:51,28.81,29,29s,73071,360,6
160,d08,1/10/2010 20:24,20:24:22,28.95,31,31s,73071,391,6.516666667
161,d08,1/10/2010 20:24,20:24:52,29.06,30,30s,73071,421,7.016666667
162,d08,1/10/2010 20:25,20:25:21,28.99,29,29s,73071,450,7.5
163,d08,1/10/2010 20:25,20:25:53,28.74,32,32s,73071,482,8.033333333
164,d08,1/10/2010 20:26,20:26:22,29.03,29,29s,73071,511,8.516666667
165,d08,1/10/2010 20:26,20:26:51,30.09,29,29s,73071,540,9
166,d08,1/10/2010 20:27,20:27:22,30.16,31,31s,73071,571,9.516666667
167,d08,1/10/2010 20:27,20:27:52,29.6,30,30s,73071,601,10.01666667
168,d09,1/10/2010 20:29,20:29:11,14.91,0,0s,73751,0,0
169,d09,1/10/2010 20:29,20:29:42,17.05,31,31s,73751,31,0.516666667
170,d09,1/10/2010 20:30,20:30:12,20.15,30,30s,73751,61,1.016666667
171,d09,1/10/2010 20:30,20:30:41,22.23,29,29s,73751,90,1.5
172,d09,1/10/2010 20:31,20:31:13,23.25,32,32s,73751,122,2.033333333
173,d09,1/10/2010 20:31,20:31:42,23.95,29,29s,73751,151,2.516666667
174,d09,1/10/2010 20:32,20:32:20,25.17,38,38s,73751,189,3.15
175,d09,1/10/2010 20:32,20:32:42,25.68,22,22s,73751,211,3.516666667
176,d09,1/10/2010 20:33,20:33:13,25.95,31,31s,73751,242,4.033333333
177,d09,1/10/2010 20:33,20:33:43,30.04,30,30s,73751,272,4.533333333
178,d09,1/10/2010 20:34,20:34:11,34.63,28,28s,73751,300,5
179,d09,1/10/2010 20:34,20:34:43,40.57,32,32s,73751,332,5.533333333
180,d09,1/10/2010 20:35,20:35:11,37.53,28,28s,73751,360,6
181,d09,1/10/2010 20:35,20:35:43,36.96,32,32s,73751,392,6.533333333
182,d09,1/10/2010 20:36,20:36:12,36.13,29,29s,73751,421,7.016666667
183,d09,1/10/2010 20:36,20:36:43,34.06,31,31s,73751,452,7.533333333
184,d09,1/10/2010 20:37,20:37:14,33.67,31,31s,73751,483,8.05
185,d09,1/10/2010 20:37,20:37:42,33,28,28s,73751,511,8.516666667
186,d09,1/10/2010 20:38,20:38:12,32.46,30,30s,73751,541,9.016666667
187,d09,1/10/2010 20:38,20:38:51,32.02,39,39s,73751,580,9.666666667
188,d09,1/10/2010 20:39,20:39:12,31.84,21,21s,73751,601,10.01666667
189,d10,1/15/2010 19:37,19:37:43,10.41,0,0s,70663,0,0
190,d10,1/15/2010 19:38,19:38:15,17.43,32,32s,70663,32,0.533333333
191,d10,1/15/2010 19:38,19:38:43,20.05,28,28s,70663,60,1
192,d10,1/15/2010 19:39,19:39:16,22.02,33,33s,70663,93,1.55
193,d10,1/15/2010 19:39,19:39:44,23.11,28,28s,70663,121,2.016666667
194,d10,1/15/2010 19:40,19:40:14,24.7,30,30s,70663,151,2.516666667
195,d10,1/15/2010 19:40,19:40:44,25.69,30,30s,70663,181,3.016666667
196,d10,1/15/2010 19:41,19:41:14,26.87,30,30s,70663,211,3.516666667
197,d10,1/15/2010 19:41,19:41:43,29.5,29,29s,70663,240,4
198,d10,1/15/2010 19:43,19:43:44,31.82,121,121s (~2.02 minutes),70663,361,6.016666667
199,d10,1/15/2010 19:44,19:44:14,33.09,30,30s,70663,391,6.516666667
200,d10,1/15/2010 19:44,19:44:44,38.17,30,30s,70663,421,7.016666667
201,d10,1/15/2010 19:45,19:45:14,39.55,30,30s,70663,451,7.516666667
202,d10,1/15/2010 19:45,19:45:45,39.75,31,31s,70663,482,8.033333333
203,d10,1/15/2010 19:46,19:46:14,39.45,29,29s,70663,511,8.516666667
204,d10,1/15/2010 19:46,19:46:44,38.91,30,30s,70663,541,9.016666667
205,d10,1/15/2010 19:47,19:47:14,40.41,30,30s,70663,571,9.516666667
206,d10,1/15/2010 19:47,19:47:45,40.34,31,31s,70663,602,10.03333333
207,d11,1/15/2010 19:50,19:50:12,15.36,0,0s,71412,0,0
208,d11,1/15/2010 19:50,19:50:43,20.39,31,31s,71412,31,0.516666667
209,d11,1/15/2010 19:51,19:51:13,21.42,30,30s,71412,61,1.016666667
210,d11,1/15/2010 19:51,19:51:43,22.85,30,30s,71412,91,1.516666667
211,d11,1/15/2010 19:52,19:52:13,24.65,30,30s,71412,121,2.016666667
212,d11,1/15/2010 19:52,19:52:42,25.76,29,29s,71412,150,2.5
213,d11,1/15/2010 19:53,19:53:13,26.27,31,31s,71412,181,3.016666667
214,d11,1/15/2010 19:53,19:53:43,27.23,30,30s,71412,211,3.516666667
215,d11,1/15/2010 19:54,19:54:12,28.49,29,29s,71412,240,4
216,d11,1/15/2010 19:54,19:54:43,29.74,31,31s,71412,271,4.516666667
217,d11,1/15/2010 19:55,19:55:12,31.18,29,29s,71412,300,5
218,d11,1/15/2010 19:55,19:55:43,32.73,31,31s,71412,331,5.516666667
219,d11,1/15/2010 19:56,19:56:13,36.76,30,30s,71412,361,6.016666667
220,d11,1/15/2010 19:56,19:56:42,39.74,29,29s,71412,390,6.5
221,d11,1/15/2010 19:57,19:57:13,41.61,31,31s,71412,421,7.016666667
222,d11,1/15/2010 19:57,19:57:43,42.19,30,30s,71412,451,7.516666667
223,d11,1/15/2010 19:58,19:58:12,39.02,29,29s,71412,480,8
224,d11,1/15/2010 19:58,19:58:43,40.41,31,31s,71412,511,8.516666667
225,d11,1/15/2010 19:59,19:59:13,40.15,30,30s,71412,541,9.016666667
226,d11,1/15/2010 19:59,19:59:43,43.24,30,30s,71412,571,9.516666667
227,d11,1/15/2010 20:00,20:00:13,40.96,30,30s,71412,601,10.01666667
228,d12,1/15/2010 20:01,20:01:10,16.14,0,0s,72070,0,0
229,d12,1/15/2010 20:01,20:01:41,22.24,31,31s,72070,31,0.516666667
230,d12,1/15/2010 20:02,20:02:10,23.51,29,29s,72070,60,1
231,d12,1/15/2010 20:02,20:02:41,24.79,31,31s,72070,91,1.516666667
232,d12,1/15/2010 20:03,20:03:10,25.62,29,29s,72070,120,2
233,d12,1/15/2010 20:03,20:03:42,26.79,32,32s,72070,152,2.533333333
234,d12,1/15/2010 20:04,20:04:11,27.06,29,29s,72070,181,3.016666667
235,d12,1/15/2010 20:04,20:04:40,27.65,29,29s,72070,210,3.5
236,d12,1/15/2010 20:05,20:05:10,27.78,30,30s,72070,240,4
237,d12,1/15/2010 20:05,20:05:40,29.5,30,30s,72070,270,4.5
238,d12,1/15/2010 20:06,20:06:10,30.67,30,30s,72070,300,5
239,d12,1/15/2010 20:06,20:06:40,33.34,30,30s,72070,330,5.5
240,d12,1/15/2010 20:07,20:07:11,35.86,31,31s,72070,361,6.016666667
241,d12,1/15/2010 20:07,20:07:40,37.27,29,29s,72070,390,6.5
242,d12,1/15/2010 20:09,20:09:12,41.12,92,92s (~1.53 minutes),72070,482,8.033333333
243,d12,1/15/2010 20:09,20:09:41,39.65,29,29s,72070,511,8.516666667
244,d12,1/15/2010 20:10,20:10:11,39.3,30,30s,72070,541,9.016666667
245,d12,1/15/2010 20:10,20:10:41,36.14,30,30s,72070,571,9.516666667
246,d12,1/15/2010 20:11,20:11:12,37.63,31,31s,72070,602,10.03333333
247,d14,1/15/2010 20:27,20:27:16,18.12,0,0s,73636,0,0
248,d14,1/15/2010 20:27,20:27:48,21.31,32,32s,73636,32,0.533333333
249,d14,1/15/2010 20:28,20:28:20,23.68,32,32s,73636,64,1.066666667
250,d14,1/15/2010 20:28,20:28:46,25.05,26,26s,73636,90,1.5
251,d14,1/15/2010 20:29,20:29:18,25.04,32,32s,73636,122,2.033333333
252,d14,1/15/2010 20:29,20:29:45,26.23,27,27s,73636,149,2.483333333
253,d14,1/15/2010 20:30,20:30:16,26.85,31,31s,73636,180,3
254,d14,1/15/2010 20:30,20:30:46,28.31,30,30s,73636,210,3.5
255,d14,1/15/2010 20:31,20:31:16,29.63,30,30s,73636,240,4
256,d14,1/15/2010 20:31,20:31:47,27.76,31,31s,73636,271,4.516666667
257,d14,1/15/2010 20:32,20:32:16,34.25,29,29s,73636,300,5
258,d14,1/15/2010 20:32,20:32:46,35.97,30,30s,73636,330,5.5
259,d14,1/15/2010 20:33,20:33:16,37.04,30,30s,73636,360,6
260,d14,1/15/2010 20:33,20:33:46,39.43,30,30s,73636,390,6.5
261,d14,1/15/2010 20:34,20:34:46,41.04,60,60s (~1 minutes),73636,450,7.5
262,d14,1/15/2010 20:35,20:35:16,38.03,30,30s,73636,480,8
263,d14,1/15/2010 20:35,20:35:46,39.35,30,30s,73636,510,8.5
264,d14,1/15/2010 20:36,20:36:16,39.84,30,30s,73636,540,9
265,d14,1/15/2010 20:36,20:36:46,41.24,30,30s,73636,570,9.5
266,d14,1/15/2010 20:37,20:37:19,40.44,33,33s,73636,603,10.05
267,d15,1/15/2010 20:44,20:44:03,14.81,0,0s,74643,0,0
268,d15,1/15/2010 20:44,20:44:34,18.22,31,31s,74643,31,0.516666667
269,d15,1/15/2010 20:45,20:45:06,21.18,32,32s,74643,63,1.05
270,d15,1/15/2010 20:45,20:45:34,22.52,28,28s,74643,91,1.516666667
271,d15,1/15/2010 20:46,20:46:04,23.97,30,30s,74643,121,2.016666667
272,d15,1/15/2010 20:46,20:46:34,25.19,30,30s,74643,151,2.516666667
273,d15,1/15/2010 20:47,20:47:04,27.21,30,30s,74643,181,3.016666667
274,d15,1/15/2010 20:47,20:47:34,27.75,30,30s,74643,211,3.516666667
275,d15,1/15/2010 20:48,20:48:04,28.83,30,30s,74643,241,4.016666667
276,d15,1/15/2010 20:48,20:48:34,29.51,30,30s,74643,271,4.516666667
277,d15,1/15/2010 20:49,20:49:04,29.78,30,30s,74643,301,5.016666667
278,d15,1/15/2010 20:49,20:49:34,30.66,30,30s,74643,331,5.516666667
279,d15,1/15/2010 20:50,20:50:04,32.6,30,30s,74643,361,6.016666667
280,d15,1/15/2010 20:50,20:50:38,34.1,34,34s,74643,395,6.583333333
281,d15,1/15/2010 20:51,20:51:11,35.97,33,33s,74643,428,7.133333333
282,d15,1/15/2010 20:51,20:51:34,37.53,23,23s,74643,451,7.516666667
283,d15,1/15/2010 20:52,20:52:04,33.68,30,30s,74643,481,8.016666667
284,d15,1/15/2010 20:52,20:52:34,37.39,30,30s,74643,511,8.516666667
285,d15,1/15/2010 20:53,20:53:11,37.03,37,37s,74643,548,9.133333333
286,d15,1/15/2010 20:53,20:53:35,34.6,24,24s,74643,572,9.533333333
287,d15,1/15/2010 20:54,20:54:04,34.02,29,29s,74643,601,10.01666667
288,d16,1/15/2010 20:55,20:55:04,14.63,0,0s,75304,0,0
289,d16,1/15/2010 20:55,20:55:34,19.15,30,30s,75304,30,0.5
290,d16,1/15/2010 20:56,20:56:04,21.05,30,30s,75304,60,1
291,d16,1/15/2010 20:56,20:56:44,23.68,40,40s,75304,100,1.666666667
292,d16,1/15/2010 20:57,20:57:04,25.14,20,20s,75304,120,2
293,d16,1/15/2010 20:57,20:57:35,25.53,31,31s,75304,151,2.516666667
294,d16,1/15/2010 20:58,20:58:04,26.41,29,29s,75304,180,3
295,d16,1/15/2010 20:58,20:58:34,27.51,30,30s,75304,210,3.5
296,d16,1/15/2010 20:59,20:59:05,28.98,31,31s,75304,241,4.016666667
297,d16,1/15/2010 20:59,20:59:34,29.64,29,29s,75304,270,4.5
298,d16,1/15/2010 21:00,21:00:04,31.57,30,30s,75304,300,5
299,d16,1/15/2010 21:00,21:00:34,36.39,30,30s,75304,330,5.5
300,d16,1/15/2010 21:01,21:01:05,39.68,31,31s,75304,361,6.016666667
301,d16,1/15/2010 21:01,21:01:37,41.27,32,32s,75304,393,6.55
302,d16,1/15/2010 21:02,21:02:04,42.25,27,27s,75304,420,7
303,d16,1/15/2010 21:02,21:02:35,41.07,31,31s,75304,451,7.516666667
304,d16,1/15/2010 21:03,21:03:05,41.84,30,30s,75304,481,8.016666667
305,d16,1/15/2010 21:03,21:03:34,39.93,29,29s,75304,510,8.5
306,d16,1/15/2010 21:04,21:04:04,39.34,30,30s,75304,540,9
307,d16,1/15/2010 21:04,21:04:36,39.96,32,32s,75304,572,9.533333333
308,d16,1/15/2010 21:05,21:05:06,40.13,30,30s,75304,602,10.03333333
309,d17,1/18/2010 20:32,20:32:38,17.47,0,0s,73958,0,0
310,d17,1/18/2010 20:33,20:33:10,19.93,32,32s,73958,32,0.533333333
311,d17,1/18/2010 20:33,20:33:39,22.77,29,29s,73958,61,1.016666667
312,d17,1/18/2010 20:34,20:34:09,24.34,30,30s,73958,91,1.516666667
313,d17,1/18/2010 20:34,20:34:39,26.14,30,30s,73958,121,2.016666667
314,d17,1/18/2010 20:35,20:35:08,26.69,29,29s,73958,150,2.5
315,d17,1/18/2010 20:35,20:35:39,27.22,31,31s,73958,181,3.016666667
316,d17,1/18/2010 20:36,20:36:09,27.61,30,30s,73958,211,3.516666667
317,d17,1/18/2010 20:36,20:36:38,27.79,29,29s,73958,240,4
318,d17,1/18/2010 20:37,20:37:08,27.87,30,30s,73958,270,4.5
319,d17,1/18/2010 20:38,20:38:09,27.66,61,61s (~1.02 minutes),73958,331,5.516666667
320,d17,1/18/2010 20:38,20:38:38,27.48,29,29s,73958,360,6
321,d17,1/18/2010 20:39,20:39:08,29.23,30,30s,73958,390,6.5
322,d17,1/18/2010 20:39,20:39:38,28.85,30,30s,73958,420,7
323,d17,1/18/2010 20:40,20:40:09,28.66,31,31s,73958,451,7.516666667
324,d17,1/18/2010 20:41,20:41:08,29.03,59,59s,73958,510,8.5
325,d17,1/18/2010 20:41,20:41:38,28.78,30,30s,73958,540,9
326,d17,1/18/2010 20:42,20:42:08,29.05,30,30s,73958,570,9.5
327,d17,1/18/2010 20:42,20:42:39,29.32,31,31s,73958,601,10.01666667
328,d18,1/18/2010 20:43,20:43:57,16.89,0,0s,74637,0,0
329,d18,1/18/2010 20:44,20:44:29,21,32,32s,74637,32,0.533333333
330,d18,1/18/2010 20:44,20:44:58,24.55,29,29s,74637,61,1.016666667
331,d18,1/18/2010 20:45,20:45:28,25.44,30,30s,74637,91,1.516666667
332,d18,1/18/2010 20:45,20:45:58,26.49,30,30s,74637,121,2.016666667
333,d18,1/18/2010 20:46,20:46:28,26.99,30,30s,74637,151,2.516666667
334,d18,1/18/2010 20:46,20:46:58,27.66,30,30s,74637,181,3.016666667
335,d18,1/18/2010 20:47,20:47:32,27.94,34,34s,74637,215,3.583333333
336,d18,1/18/2010 20:47,20:47:58,28.13,26,26s,74637,241,4.016666667
337,d18,1/18/2010 20:48,20:48:28,28.19,30,30s,74637,271,4.516666667
338,d18,1/18/2010 20:48,20:48:58,28.8,30,30s,74637,301,5.016666667
339,d18,1/18/2010 20:49,20:49:28,28.71,30,30s,74637,331,5.516666667
340,d18,1/18/2010 20:49,20:49:57,28.88,29,29s,74637,360,6
341,d18,1/18/2010 20:50,20:50:29,29.48,32,32s,74637,392,6.533333333
342,d18,1/18/2010 20:50,20:50:58,29.53,29,29s,74637,421,7.016666667
343,d18,1/18/2010 20:51,20:51:28,29.64,30,30s,74637,451,7.516666667
344,d18,1/18/2010 20:51,20:51:58,29.86,30,30s,74637,481,8.016666667
345,d18,1/18/2010 20:52,20:52:27,29.99,29,29s,74637,510,8.5
346,d18,1/18/2010 20:53,20:53:02,29.6,35,35s,74637,545,9.083333333
347,d18,1/18/2010 20:53,20:53:28,29.52,26,26s,74637,571,9.516666667
348,d18,1/18/2010 20:53,20:53:58,29.8,30,30s,74637,601,10.01666667
349,d20,1/18/2010 21:06,21:06:14,18.58,0,0s,75974,0,0
350,d20,1/18/2010 21:06,21:06:44,21.11,30,30s,75974,30,0.5
351,d20,1/18/2010 21:07,21:07:15,24.88,31,31s,75974,61,1.016666667
352,d20,1/18/2010 21:07,21:07:45,25.86,30,30s,75974,91,1.516666667
353,d20,1/18/2010 21:08,21:08:14,26.52,29,29s,75974,120,2
354,d20,1/18/2010 21:08,21:08:44,27.2,30,30s,75974,150,2.5
355,d20,1/18/2010 21:09,21:09:14,27.96,30,30s,75974,180,3
356,d20,1/18/2010 21:09,21:09:44,28.23,30,30s,75974,210,3.5
357,d20,1/18/2010 21:10,21:10:15,28.51,31,31s,75974,241,4.016666667
358,d20,1/18/2010 21:10,21:10:45,28.96,30,30s,75974,271,4.516666667
359,d20,1/18/2010 21:11,21:11:14,29.23,29,29s,75974,300,5
360,d20,1/18/2010 21:11,21:11:45,29.22,31,31s,75974,331,5.516666667
361,d20,1/18/2010 21:12,21:12:18,29.32,33,33s,75974,364,6.066666667
362,d20,1/18/2010 21:12,21:12:44,30.25,26,26s,75974,390,6.5
363,d20,1/18/2010 21:13,21:13:15,29.77,31,31s,75974,421,7.016666667
364,d20,1/18/2010 21:13,21:13:44,29.77,29,29s,75974,450,7.5
365,d20,1/18/2010 21:14,21:14:16,29.88,32,32s,75974,482,8.033333333
366,d20,1/18/2010 21:14,21:14:44,30.34,28,28s,75974,510,8.5
367,d20,1/18/2010 21:15,21:15:15,30.07,31,31s,75974,541,9.016666667
368,d20,1/18/2010 21:15,21:15:46,30.16,31,31s,75974,572,9.533333333
369,d20,1/18/2010 21:16,21:16:15,30.2,29,29s,75974,601,10.01666667
