"","beeid","datetime","time","thoraxtemp","second","minute","start_time","elapse_sec","elapse_min"
"1","q01",2010-01-01 20:16:49,20:16:49,16.63,0,0s,73009,0,0
"2","q01",2010-01-01 20:17:23,20:17:23,21.33,34,34s,73009,34,0.566666666666667
"3","q01",2010-01-01 20:17:53,20:17:53,22.93,30,30s,73009,64,1.06666666666667
"4","q01",2010-01-01 20:18:20,20:18:20,23.37,27,27s,73009,91,1.51666666666667
"5","q01",2010-01-01 20:18:50,20:18:50,23.88,30,30s,73009,121,2.01666666666667
"6","q01",2010-01-01 20:19:20,20:19:20,25.07,30,30s,73009,151,2.51666666666667
"7","q01",2010-01-01 20:19:50,20:19:50,25.88,30,30s,73009,181,3.01666666666667
"8","q01",2010-01-01 20:20:20,20:20:20,26.2,30,30s,73009,211,3.51666666666667
"9","q01",2010-01-01 20:20:50,20:20:50,26.67,30,30s,73009,241,4.01666666666667
"10","q01",2010-01-01 20:21:20,20:21:20,26.88,30,30s,73009,271,4.51666666666667
"11","q01",2010-01-01 20:21:50,20:21:50,26.63,30,30s,73009,301,5.01666666666667
"12","q01",2010-01-01 20:22:20,20:22:20,27.2,30,30s,73009,331,5.51666666666667
"13","q01",2010-01-01 20:22:50,20:22:50,28.35,30,30s,73009,361,6.01666666666667
"14","q01",2010-01-01 20:23:20,20:23:20,28.68,30,30s,73009,391,6.51666666666667
"15","q01",2010-01-01 20:23:51,20:23:51,29,31,31s,73009,422,7.03333333333333
"16","q01",2010-01-01 20:24:21,20:24:21,29.66,30,30s,73009,452,7.53333333333333
"17","q01",2010-01-01 20:24:50,20:24:50,33.16,29,29s,73009,481,8.01666666666667
"18","q01",2010-01-01 20:25:21,20:25:21,34.98,31,31s,73009,512,8.53333333333333
"19","q01",2010-01-01 20:25:50,20:25:50,37.08,29,29s,73009,541,9.01666666666667
"20","q01",2010-01-01 20:26:22,20:26:22,39.27,32,32s,73009,573,9.55
"21","q01",2010-01-01 20:26:50,20:26:50,39.71,28,28s,73009,601,10.0166666666667
"22","q02",2010-01-01 20:28:29,20:28:29,16.79,0,0s,73709,0,0
"23","q02",2010-01-01 20:29:00,20:29:00,20.11,31,31s,73709,31,0.516666666666667
"24","q02",2010-01-01 20:29:29,20:29:29,20.03,29,29s,73709,60,1
"25","q02",2010-01-01 20:30:00,20:30:00,20.6,31,31s,73709,91,1.51666666666667
"26","q02",2010-01-01 20:30:30,20:30:30,22.6,30,30s,73709,121,2.01666666666667
"27","q02",2010-01-01 20:31:00,20:31:00,22.16,30,30s,73709,151,2.51666666666667
"28","q02",2010-01-01 20:32:04,20:32:04,24.27,64,64s (~1.07 minutes),73709,215,3.58333333333333
"29","q02",2010-01-01 20:32:10,20:32:10,24.26,6,6s,73709,221,3.68333333333333
"30","q02",2010-01-01 20:32:29,20:32:29,25.19,19,19s,73709,240,4
"31","q02",2010-01-01 20:32:59,20:32:59,26.55,30,30s,73709,270,4.5
"32","q02",2010-01-01 20:33:29,20:33:29,25.81,30,30s,73709,300,5
"33","q02",2010-01-01 20:33:59,20:33:59,25.86,30,30s,73709,330,5.5
"34","q02",2010-01-01 20:34:29,20:34:29,27.57,30,30s,73709,360,6
"35","q02",2010-01-01 20:34:59,20:34:59,27.94,30,30s,73709,390,6.5
"36","q02",2010-01-01 20:35:29,20:35:29,29.01,30,30s,73709,420,7
"37","q02",2010-01-01 20:35:59,20:35:59,29.18,30,30s,73709,450,7.5
"38","q02",2010-01-01 20:36:29,20:36:29,34.15,30,30s,73709,480,8
"39","q02",2010-01-01 20:37:00,20:37:00,34.26,31,31s,73709,511,8.51666666666667
"40","q02",2010-01-01 20:37:28,20:37:28,37.18,28,28s,73709,539,8.98333333333333
"41","q02",2010-01-01 20:37:59,20:37:59,38.37,31,31s,73709,570,9.5
"42","q02",2010-01-01 20:38:29,20:38:29,38.18,30,30s,73709,600,10
"43","q03",2010-01-01 20:41:16,20:41:16,18.1,0,0s,74476,0,0
"44","q03",2010-01-01 20:41:46,20:41:46,19.64,30,30s,74476,30,0.5
"45","q03",2010-01-01 20:42:21,20:42:21,20.85,35,35s,74476,65,1.08333333333333
"46","q03",2010-01-01 20:42:47,20:42:47,21.32,26,26s,74476,91,1.51666666666667
"47","q03",2010-01-01 20:43:17,20:43:17,22.23,30,30s,74476,121,2.01666666666667
"48","q03",2010-01-01 20:43:47,20:43:47,23.26,30,30s,74476,151,2.51666666666667
"49","q03",2010-01-01 20:44:17,20:44:17,23.77,30,30s,74476,181,3.01666666666667
"50","q03",2010-01-01 20:44:47,20:44:47,24.58,30,30s,74476,211,3.51666666666667
"51","q03",2010-01-01 20:45:18,20:45:18,25.23,31,31s,74476,242,4.03333333333333
"52","q03",2010-01-01 20:45:47,20:45:47,25.76,29,29s,74476,271,4.51666666666667
"53","q03",2010-01-01 20:46:17,20:46:17,25.79,30,30s,74476,301,5.01666666666667
"54","q03",2010-01-01 20:46:47,20:46:47,26.44,30,30s,74476,331,5.51666666666667
"55","q03",2010-01-01 20:47:20,20:47:20,27.36,33,33s,74476,364,6.06666666666667
"56","q03",2010-01-01 20:47:51,20:47:51,28.09,31,31s,74476,395,6.58333333333333
"57","q03",2010-01-01 20:48:17,20:48:17,28.27,26,26s,74476,421,7.01666666666667
"58","q03",2010-01-01 20:48:47,20:48:47,28.77,30,30s,74476,451,7.51666666666667
"59","q03",2010-01-01 20:49:17,20:49:17,28.82,30,30s,74476,481,8.01666666666667
"60","q03",2010-01-01 20:49:47,20:49:47,30.03,30,30s,74476,511,8.51666666666667
"61","q03",2010-01-01 20:50:17,20:50:17,30.03,30,30s,74476,541,9.01666666666667
"62","q03",2010-01-01 20:50:47,20:50:47,32.77,30,30s,74476,571,9.51666666666667
"63","q03",2010-01-01 20:51:17,20:51:17,35.36,30,30s,74476,601,10.0166666666667
"64","q04",2010-01-01 20:52:57,20:52:57,16.5,0,0s,75177,0,0
"65","q04",2010-01-01 20:53:27,20:53:27,18.66,30,30s,75177,30,0.5
"66","q04",2010-01-01 20:53:59,20:53:59,19.98,32,32s,75177,62,1.03333333333333
"67","q04",2010-01-01 20:54:41,20:54:41,21.37,42,42s,75177,104,1.73333333333333
"68","q04",2010-01-01 20:55:02,20:55:02,22.48,21,21s,75177,125,2.08333333333333
"69","q04",2010-01-01 20:55:29,20:55:29,23.07,27,27s,75177,152,2.53333333333333
"70","q04",2010-01-01 20:55:57,20:55:57,23.62,28,28s,75177,180,3
"71","q04",2010-01-01 20:56:28,20:56:28,24.36,31,31s,75177,211,3.51666666666667
"72","q04",2010-01-01 20:56:57,20:56:57,24.85,29,29s,75177,240,4
"73","q04",2010-01-01 20:58:58,20:58:58,29.13,121,121s (~2.02 minutes),75177,361,6.01666666666667
"74","q04",2010-01-01 20:59:28,20:59:28,29.84,30,30s,75177,391,6.51666666666667
"75","q04",2010-01-01 20:59:57,20:59:57,31.25,29,29s,75177,420,7
"76","q04",2010-01-01 21:00:27,21:00:27,33,30,30s,75177,450,7.5
"77","q04",2010-01-01 21:00:58,21:00:58,34.83,31,31s,75177,481,8.01666666666667
"78","q04",2010-01-01 21:01:28,21:01:28,36.33,30,30s,75177,511,8.51666666666667
"79","q04",2010-01-01 21:01:58,21:01:58,36.9,30,30s,75177,541,9.01666666666667
"80","q04",2010-01-01 21:02:32,21:02:32,36.86,34,34s,75177,575,9.58333333333333
"81","q04",2010-01-01 21:02:59,21:02:59,37.1,27,27s,75177,602,10.0333333333333
"82","q04",2010-01-01 21:03:31,21:03:31,37.69,32,32s,75177,634,10.5666666666667
"83","q05",2010-01-03 18:51:29,18:51:29,15.92,0,0s,67889,0,0
"84","q05",2010-01-03 18:51:59,18:51:59,17.16,30,30s,67889,30,0.5
"85","q05",2010-01-03 18:52:40,18:52:40,18.8,41,41s,67889,71,1.18333333333333
"86","q05",2010-01-03 18:52:57,18:52:57,19.24,17,17s,67889,88,1.46666666666667
"87","q05",2010-01-03 18:53:27,18:53:27,22.49,30,30s,67889,118,1.96666666666667
"88","q05",2010-01-03 18:53:57,18:53:57,23.04,30,30s,67889,148,2.46666666666667
"89","q05",2010-01-03 18:54:27,18:54:27,23.8,30,30s,67889,178,2.96666666666667
"90","q05",2010-01-03 18:54:57,18:54:57,24.11,30,30s,67889,208,3.46666666666667
"91","q05",2010-01-03 18:55:28,18:55:28,25.75,31,31s,67889,239,3.98333333333333
"92","q05",2010-01-03 18:55:57,18:55:57,25.96,29,29s,67889,268,4.46666666666667
"93","q05",2010-01-03 18:56:27,18:56:27,26.49,30,30s,67889,298,4.96666666666667
"94","q05",2010-01-03 18:56:57,18:56:57,26.87,30,30s,67889,328,5.46666666666667
"95","q05",2010-01-03 18:57:28,18:57:28,28.2,31,31s,67889,359,5.98333333333333
"96","q05",2010-01-03 18:57:57,18:57:57,28.97,29,29s,67889,388,6.46666666666667
"97","q05",2010-01-03 18:58:27,18:58:27,28.75,30,30s,67889,418,6.96666666666667
"98","q05",2010-01-03 18:58:57,18:58:57,31.15,30,30s,67889,448,7.46666666666667
"99","q05",2010-01-03 18:59:27,18:59:27,32.26,30,30s,67889,478,7.96666666666667
"100","q05",2010-01-03 18:59:58,18:59:58,36.85,31,31s,67889,509,8.48333333333333
"101","q05",2010-01-03 19:00:27,19:00:27,39.58,29,29s,67889,538,8.96666666666667
"102","q05",2010-01-03 19:00:57,19:00:57,39.6,30,30s,67889,568,9.46666666666667
"103","q05",2010-01-03 19:01:27,19:01:27,39.18,30,30s,67889,598,9.96666666666667
"104","q06",2010-01-03 19:03:19,19:03:19,19.36,0,0s,68599,0,0
"105","q06",2010-01-03 19:03:50,19:03:50,20.72,31,31s,68599,31,0.516666666666667
"106","q06",2010-01-03 19:04:20,19:04:20,21.35,30,30s,68599,61,1.01666666666667
"107","q06",2010-01-03 19:04:50,19:04:50,23.54,30,30s,68599,91,1.51666666666667
"108","q06",2010-01-03 19:05:20,19:05:20,23.72,30,30s,68599,121,2.01666666666667
"109","q06",2010-01-03 19:05:50,19:05:50,24.63,30,30s,68599,151,2.51666666666667
"110","q06",2010-01-03 19:06:20,19:06:20,25.13,30,30s,68599,181,3.01666666666667
"111","q06",2010-01-03 19:06:50,19:06:50,25.71,30,30s,68599,211,3.51666666666667
"112","q06",2010-01-03 19:07:20,19:07:20,25.9,30,30s,68599,241,4.01666666666667
"113","q06",2010-01-03 19:07:50,19:07:50,26.35,30,30s,68599,271,4.51666666666667
"114","q06",2010-01-03 19:08:20,19:08:20,26.56,30,30s,68599,301,5.01666666666667
"115","q06",2010-01-03 19:08:50,19:08:50,27.67,30,30s,68599,331,5.51666666666667
"116","q06",2010-01-03 19:09:20,19:09:20,28.41,30,30s,68599,361,6.01666666666667
"117","q06",2010-01-03 19:09:50,19:09:50,28.87,30,30s,68599,391,6.51666666666667
"118","q06",2010-01-03 19:10:20,19:10:20,30.35,30,30s,68599,421,7.01666666666667
"119","q06",2010-01-03 19:10:50,19:10:50,30.34,30,30s,68599,451,7.51666666666667
"120","q06",2010-01-03 19:11:20,19:11:20,30.46,30,30s,68599,481,8.01666666666667
"121","q06",2010-01-03 19:11:50,19:11:50,30.52,30,30s,68599,511,8.51666666666667
"122","q06",2010-01-03 19:12:21,19:12:21,34.16,31,31s,68599,542,9.03333333333333
"123","q06",2010-01-03 19:12:50,19:12:50,36,29,29s,68599,571,9.51666666666667
"124","q06",2010-01-03 19:13:19,19:13:19,36.13,29,29s,68599,600,10
"125","q07",2010-01-03 19:14:54,19:14:54,16.27,0,0s,69294,0,0
"126","q07",2010-01-03 19:15:24,19:15:24,18.23,30,30s,69294,30,0.5
"127","q07",2010-01-03 19:15:58,19:15:58,20.34,34,34s,69294,64,1.06666666666667
"128","q07",2010-01-03 19:16:36,19:16:36,21.51,38,38s,69294,102,1.7
"129","q07",2010-01-03 19:16:54,19:16:54,22.37,18,18s,69294,120,2
"130","q07",2010-01-03 19:17:24,19:17:24,23.02,30,30s,69294,150,2.5
"131","q07",2010-01-03 19:17:54,19:17:54,23.79,30,30s,69294,180,3
"132","q07",2010-01-03 19:18:24,19:18:24,24.41,30,30s,69294,210,3.5
"133","q07",2010-01-03 19:18:54,19:18:54,25.54,30,30s,69294,240,4
"134","q07",2010-01-03 19:19:24,19:19:24,26.27,30,30s,69294,270,4.5
"135","q07",2010-01-03 19:19:54,19:19:54,26.82,30,30s,69294,300,5
"136","q07",2010-01-03 19:20:24,19:20:24,26.99,30,30s,69294,330,5.5
"137","q07",2010-01-03 19:20:55,19:20:55,28.19,31,31s,69294,361,6.01666666666667
"138","q07",2010-01-03 19:21:26,19:21:26,29.03,31,31s,69294,392,6.53333333333333
"139","q07",2010-01-03 19:21:53,19:21:53,30.01,27,27s,69294,419,6.98333333333333
"140","q07",2010-01-03 19:22:24,19:22:24,30.55,31,31s,69294,450,7.5
"141","q07",2010-01-03 19:22:54,19:22:54,34.62,30,30s,69294,480,8
"142","q07",2010-01-03 19:23:24,19:23:24,37.87,30,30s,69294,510,8.5
"143","q07",2010-01-03 19:23:54,19:23:54,38.17,30,30s,69294,540,9
"144","q07",2010-01-03 19:24:25,19:24:25,41.46,31,31s,69294,571,9.51666666666667
"145","q07",2010-01-03 19:24:54,19:24:54,40.43,29,29s,69294,600,10
"146","q08",2010-01-03 19:27:53,19:27:53,17.82,0,0s,70073,0,0
"147","q08",2010-01-03 19:28:24,19:28:24,18.98,31,31s,70073,31,0.516666666666667
"148","q08",2010-01-03 19:28:54,19:28:54,20.09,30,30s,70073,61,1.01666666666667
"149","q08",2010-01-03 19:29:26,19:29:26,20.95,32,32s,70073,93,1.55
"150","q08",2010-01-03 19:29:54,19:29:54,21.87,28,28s,70073,121,2.01666666666667
"151","q08",2010-01-03 19:30:24,19:30:24,22.81,30,30s,70073,151,2.51666666666667
"152","q08",2010-01-03 19:30:57,19:30:57,23.38,33,33s,70073,184,3.06666666666667
"153","q08",2010-01-03 19:31:24,19:31:24,23.91,27,27s,70073,211,3.51666666666667
"154","q08",2010-01-03 19:31:54,19:31:54,24.43,30,30s,70073,241,4.01666666666667
"155","q08",2010-01-03 19:32:24,19:32:24,25.15,30,30s,70073,271,4.51666666666667
"156","q08",2010-01-03 19:32:53,19:32:53,25.54,29,29s,70073,300,5
"157","q08",2010-01-03 19:33:23,19:33:23,26.38,30,30s,70073,330,5.5
"158","q08",2010-01-03 19:33:54,19:33:54,27.71,31,31s,70073,361,6.01666666666667
"159","q08",2010-01-03 19:34:24,19:34:24,28.29,30,30s,70073,391,6.51666666666667
"160","q08",2010-01-03 19:34:54,19:34:54,29.06,30,30s,70073,421,7.01666666666667
"161","q08",2010-01-03 19:35:23,19:35:23,30.45,29,29s,70073,450,7.5
"162","q08",2010-01-03 19:35:54,19:35:54,31.96,31,31s,70073,481,8.01666666666667
"163","q08",2010-01-03 19:36:23,19:36:23,33.14,29,29s,70073,510,8.5
"164","q08",2010-01-03 19:36:53,19:36:53,33.71,30,30s,70073,540,9
"165","q08",2010-01-03 19:37:24,19:37:24,36.99,31,31s,70073,571,9.51666666666667
"166","q08",2010-01-03 19:37:57,19:37:57,38.67,33,33s,70073,604,10.0666666666667
"167","q09",2010-01-03 19:38:52,19:38:52,14.75,0,0s,70732,0,0
"168","q09",2010-01-03 19:39:23,19:39:23,15.37,31,31s,70732,31,0.516666666666667
"169","q09",2010-01-03 19:39:53,19:39:53,17.88,30,30s,70732,61,1.01666666666667
"170","q09",2010-01-03 19:40:22,19:40:22,19.23,29,29s,70732,90,1.5
"171","q09",2010-01-03 19:40:52,19:40:52,20.7,30,30s,70732,120,2
"172","q09",2010-01-03 19:41:24,19:41:24,22.23,32,32s,70732,152,2.53333333333333
"173","q09",2010-01-03 19:41:52,19:41:52,23.51,28,28s,70732,180,3
"174","q09",2010-01-03 19:42:22,19:42:22,24.03,30,30s,70732,210,3.5
"175","q09",2010-01-03 19:42:53,19:42:53,24.34,31,31s,70732,241,4.01666666666667
"176","q09",2010-01-03 19:43:24,19:43:24,25.45,31,31s,70732,272,4.53333333333333
"177","q09",2010-01-03 19:43:53,19:43:53,26.54,29,29s,70732,301,5.01666666666667
"178","q09",2010-01-03 19:44:22,19:44:22,27.54,29,29s,70732,330,5.5
"179","q09",2010-01-03 19:44:56,19:44:56,27.91,34,34s,70732,364,6.06666666666667
"180","q09",2010-01-03 19:45:23,19:45:23,28.6,27,27s,70732,391,6.51666666666667
"181","q09",2010-01-03 19:45:53,19:45:53,28.87,30,30s,70732,421,7.01666666666667
"182","q09",2010-01-03 19:46:24,19:46:24,29.63,31,31s,70732,452,7.53333333333333
"183","q09",2010-01-03 19:47:18,19:47:18,30.21,54,54s,70732,506,8.43333333333333
"184","q09",2010-01-03 19:47:52,19:47:52,30.53,34,34s,70732,540,9
"185","q09",2010-01-03 19:48:22,19:48:22,30.46,30,30s,70732,570,9.5
"186","q09",2010-01-03 19:48:52,19:48:52,32.45,30,30s,70732,600,10
"187","q10",2010-01-03 19:49:59,19:49:59,16.76,0,0s,71399,0,0
"188","q10",2010-01-03 19:50:29,19:50:29,18.29,30,30s,71399,30,0.5
"189","q10",2010-01-03 19:50:58,19:50:58,20.08,29,29s,71399,59,0.983333333333333
"190","q10",2010-01-03 19:51:29,19:51:29,20.99,31,31s,71399,90,1.5
"191","q10",2010-01-03 19:52:05,19:52:05,22.22,36,36s,71399,126,2.1
"192","q10",2010-01-03 19:52:31,19:52:31,22.41,26,26s,71399,152,2.53333333333333
"193","q10",2010-01-03 19:53:00,19:53:00,23.93,29,29s,71399,181,3.01666666666667
"194","q10",2010-01-03 19:53:29,19:53:29,24.21,29,29s,71399,210,3.5
"195","q10",2010-01-03 19:53:58,19:53:58,24.89,29,29s,71399,239,3.98333333333333
"196","q10",2010-01-03 19:54:29,19:54:29,25.25,31,31s,71399,270,4.5
"197","q10",2010-01-03 19:54:59,19:54:59,25.96,30,30s,71399,300,5
"198","q10",2010-01-03 19:55:30,19:55:30,26.19,31,31s,71399,331,5.51666666666667
"199","q10",2010-01-03 19:55:59,19:55:59,27.08,29,29s,71399,360,6
"200","q10",2010-01-03 19:56:29,19:56:29,27.9,30,30s,71399,390,6.5
"201","q10",2010-01-03 19:56:59,19:56:59,28.13,30,30s,71399,420,7
"202","q10",2010-01-03 19:57:29,19:57:29,29.08,30,30s,71399,450,7.5
"203","q10",2010-01-03 19:57:59,19:57:59,30.29,30,30s,71399,480,8
"204","q10",2010-01-03 19:58:30,19:58:30,31.85,31,31s,71399,511,8.51666666666667
"205","q10",2010-01-03 19:59:03,19:59:03,32.88,33,33s,71399,544,9.06666666666667
"206","q10",2010-01-03 19:59:29,19:59:29,33.23,26,26s,71399,570,9.5
"207","q10",2010-01-03 20:00:03,20:00:03,35.12,34,34s,71399,604,10.0666666666667
"208","q11",2010-01-09 18:10:23,18:10:23,13.89,0,0s,65423,0,0
"209","q11",2010-01-09 18:10:53,18:10:53,15.88,30,30s,65423,30,0.5
"210","q11",2010-01-09 18:11:25,18:11:25,18.55,32,32s,65423,62,1.03333333333333
"211","q11",2010-01-09 18:11:53,18:11:53,19.49,28,28s,65423,90,1.5
"212","q11",2010-01-09 18:12:26,18:12:26,20.88,33,33s,65423,123,2.05
"213","q11",2010-01-09 18:12:53,18:12:53,21.9,27,27s,65423,150,2.5
"214","q11",2010-01-09 18:13:23,18:13:23,22.25,30,30s,65423,180,3
"215","q11",2010-01-09 18:13:53,18:13:53,23.12,30,30s,65423,210,3.5
"216","q11",2010-01-09 18:14:24,18:14:24,24.48,31,31s,65423,241,4.01666666666667
"217","q11",2010-01-09 18:14:53,18:14:53,24.95,29,29s,65423,270,4.5
"218","q11",2010-01-09 18:15:23,18:15:23,25.42,30,30s,65423,300,5
"219","q11",2010-01-09 18:15:53,18:15:53,26.47,30,30s,65423,330,5.5
"220","q11",2010-01-09 18:16:23,18:16:23,27.29,30,30s,65423,360,6
"221","q11",2010-01-09 18:16:53,18:16:53,27.79,30,30s,65423,390,6.5
"222","q11",2010-01-09 18:17:24,18:17:24,29.14,31,31s,65423,421,7.01666666666667
"223","q11",2010-01-09 18:17:53,18:17:53,32.08,29,29s,65423,450,7.5
"224","q11",2010-01-09 18:18:23,18:18:23,34.83,30,30s,65423,480,8
"225","q11",2010-01-09 18:18:53,18:18:53,38.04,30,30s,65423,510,8.5
"226","q11",2010-01-09 18:19:25,18:19:25,39.39,32,32s,65423,542,9.03333333333333
"227","q11",2010-01-09 18:19:54,18:19:54,39.3,29,29s,65423,571,9.51666666666667
"228","q11",2010-01-09 18:20:23,18:20:23,40.94,29,29s,65423,600,10
"229","q12",2010-01-09 18:22:06,18:22:06,15.28,0,0s,66126,0,0
"230","q12",2010-01-09 18:22:37,18:22:37,16.39,31,31s,66126,31,0.516666666666667
"231","q12",2010-01-09 18:23:06,18:23:06,17.3,29,29s,66126,60,1
"232","q12",2010-01-09 18:23:36,18:23:36,19.22,30,30s,66126,90,1.5
"233","q12",2010-01-09 18:24:07,18:24:07,20.89,31,31s,66126,121,2.01666666666667
"234","q12",2010-01-09 18:24:37,18:24:37,21.54,30,30s,66126,151,2.51666666666667
"235","q12",2010-01-09 18:25:07,18:25:07,22.52,30,30s,66126,181,3.01666666666667
"236","q12",2010-01-09 18:25:39,18:25:39,22.61,32,32s,66126,213,3.55
"237","q12",2010-01-09 18:26:08,18:26:08,23.72,29,29s,66126,242,4.03333333333333
"238","q12",2010-01-09 18:26:37,18:26:37,23.97,29,29s,66126,271,4.51666666666667
"239","q12",2010-01-09 18:27:10,18:27:10,24.82,33,33s,66126,304,5.06666666666667
"240","q12",2010-01-09 18:27:37,18:27:37,25.35,27,27s,66126,331,5.51666666666667
"241","q12",2010-01-09 18:28:07,18:28:07,26.26,30,30s,66126,361,6.01666666666667
"242","q12",2010-01-09 18:28:37,18:28:37,26.52,30,30s,66126,391,6.51666666666667
"243","q12",2010-01-09 18:29:07,18:29:07,27.46,30,30s,66126,421,7.01666666666667
"244","q12",2010-01-09 18:29:37,18:29:37,28.49,30,30s,66126,451,7.51666666666667
"245","q12",2010-01-09 18:30:07,18:30:07,29.3,30,30s,66126,481,8.01666666666667
"246","q12",2010-01-09 18:30:37,18:30:37,30.42,30,30s,66126,511,8.51666666666667
"247","q12",2010-01-09 18:31:07,18:31:07,31.67,30,30s,66126,541,9.01666666666667
"248","q12",2010-01-09 18:31:38,18:31:38,32.74,31,31s,66126,572,9.53333333333333
"249","q12",2010-01-09 18:32:08,18:32:08,37.49,30,30s,66126,602,10.0333333333333
"250","q13",2010-01-09 18:34:30,18:34:30,17.15,0,0s,66870,0,0
"251","q13",2010-01-09 18:35:12,18:35:12,19.98,42,42s,66870,42,0.7
"252","q13",2010-01-09 18:35:31,18:35:31,21.22,19,19s,66870,61,1.01666666666667
"253","q13",2010-01-09 18:36:02,18:36:02,22.03,31,31s,66870,92,1.53333333333333
"254","q13",2010-01-09 18:36:32,18:36:32,23.02,30,30s,66870,122,2.03333333333333
"255","q13",2010-01-09 18:37:16,18:37:16,23.95,44,44s,66870,166,2.76666666666667
"256","q13",2010-01-09 18:37:31,18:37:31,23.31,15,15s,66870,181,3.01666666666667
"257","q13",2010-01-09 18:38:01,18:38:01,23.23,30,30s,66870,211,3.51666666666667
"258","q13",2010-01-09 18:38:31,18:38:31,23.6,30,30s,66870,241,4.01666666666667
"259","q13",2010-01-09 18:39:01,18:39:01,24.13,30,30s,66870,271,4.51666666666667
"260","q13",2010-01-09 18:39:30,18:39:30,26.01,29,29s,66870,300,5
"261","q13",2010-01-09 18:40:01,18:40:01,26.34,31,31s,66870,331,5.51666666666667
"262","q13",2010-01-09 18:40:32,18:40:32,27.26,31,31s,66870,362,6.03333333333333
"263","q13",2010-01-09 18:41:02,18:41:02,27.87,30,30s,66870,392,6.53333333333333
"264","q13",2010-01-09 18:41:31,18:41:31,28.64,29,29s,66870,421,7.01666666666667
"265","q13",2010-01-09 18:42:00,18:42:00,29.23,29,29s,66870,450,7.5
"266","q13",2010-01-09 18:42:31,18:42:31,30.55,31,31s,66870,481,8.01666666666667
"267","q13",2010-01-09 18:43:01,18:43:01,32.14,30,30s,66870,511,8.51666666666667
"268","q13",2010-01-09 18:43:31,18:43:31,34.21,30,30s,66870,541,9.01666666666667
"269","q13",2010-01-09 18:44:02,18:44:02,36.4,31,31s,66870,572,9.53333333333333
"270","q13",2010-01-09 18:44:33,18:44:33,37.39,31,31s,66870,603,10.05
"271","q14",2010-01-09 18:54:47,18:54:47,13.15,0,0s,68087,0,0
"272","q14",2010-01-09 18:55:21,18:55:21,17.29,34,34s,68087,34,0.566666666666667
"273","q14",2010-01-09 18:55:47,18:55:47,17.64,26,26s,68087,60,1
"274","q14",2010-01-09 18:56:18,18:56:18,18.34,31,31s,68087,91,1.51666666666667
"275","q14",2010-01-09 18:56:48,18:56:48,20.15,30,30s,68087,121,2.01666666666667
"276","q14",2010-01-09 18:57:17,18:57:17,23,29,29s,68087,150,2.5
"277","q14",2010-01-09 18:57:47,18:57:47,23.37,30,30s,68087,180,3
"278","q14",2010-01-09 18:58:18,18:58:18,23.69,31,31s,68087,211,3.51666666666667
"279","q14",2010-01-09 18:58:47,18:58:47,24.93,29,29s,68087,240,4
"280","q14",2010-01-09 18:59:18,18:59:18,25.56,31,31s,68087,271,4.51666666666667
"281","q14",2010-01-09 18:59:48,18:59:48,25.67,30,30s,68087,301,5.01666666666667
"282","q14",2010-01-09 19:00:18,19:00:18,26.34,30,30s,68087,331,5.51666666666667
"283","q14",2010-01-09 19:00:47,19:00:47,26.24,29,29s,68087,360,6
"284","q14",2010-01-09 19:01:18,19:01:18,27.44,31,31s,68087,391,6.51666666666667
"285","q14",2010-01-09 19:01:47,19:01:47,27.7,29,29s,68087,420,7
"286","q14",2010-01-09 19:02:17,19:02:17,28.15,30,30s,68087,450,7.5
"287","q14",2010-01-09 19:02:48,19:02:48,28.76,31,31s,68087,481,8.01666666666667
"288","q14",2010-01-09 19:03:18,19:03:18,31.09,30,30s,68087,511,8.51666666666667
"289","q14",2010-01-09 19:03:47,19:03:47,32.83,29,29s,68087,540,9
"290","q14",2010-01-09 19:04:17,19:04:17,33.98,30,30s,68087,570,9.5
"291","q14",2010-01-09 19:04:49,19:04:49,35.36,32,32s,68087,602,10.0333333333333
"292","q15",2010-01-09 19:06:43,19:06:43,13.6,0,0s,68803,0,0
"293","q15",2010-01-09 19:07:13,19:07:13,15.98,30,30s,68803,30,0.5
"294","q15",2010-01-09 19:07:44,19:07:44,17.17,31,31s,68803,61,1.01666666666667
"295","q15",2010-01-09 19:08:18,19:08:18,19.19,34,34s,68803,95,1.58333333333333
"296","q15",2010-01-09 19:08:43,19:08:43,20.89,25,25s,68803,120,2
"297","q15",2010-01-09 19:09:14,19:09:14,20.92,31,31s,68803,151,2.51666666666667
"298","q15",2010-01-09 19:09:43,19:09:43,22.05,29,29s,68803,180,3
"299","q15",2010-01-09 19:10:14,19:10:14,22.69,31,31s,68803,211,3.51666666666667
"300","q15",2010-01-09 19:10:43,19:10:43,23.43,29,29s,68803,240,4
"301","q15",2010-01-09 19:11:15,19:11:15,23.73,32,32s,68803,272,4.53333333333333
"302","q15",2010-01-09 19:11:43,19:11:43,24.29,28,28s,68803,300,5
"303","q15",2010-01-09 19:12:12,19:12:12,25.13,29,29s,68803,329,5.48333333333333
"304","q15",2010-01-09 19:12:44,19:12:44,26.18,32,32s,68803,361,6.01666666666667
"305","q15",2010-01-09 19:13:14,19:13:14,27.2,30,30s,68803,391,6.51666666666667
"306","q15",2010-01-09 19:13:47,19:13:47,28.22,33,33s,68803,424,7.06666666666667
"307","q15",2010-01-09 19:14:15,19:14:15,29.28,28,28s,68803,452,7.53333333333333
"308","q15",2010-01-09 19:14:46,19:14:46,31.05,31,31s,68803,483,8.05
"309","q15",2010-01-09 19:15:16,19:15:16,32.54,30,30s,68803,513,8.55
"310","q15",2010-01-09 19:15:58,19:15:58,34.33,42,42s,68803,555,9.25
"311","q15",2010-01-09 19:16:14,19:16:14,35.14,16,16s,68803,571,9.51666666666667
"312","q15",2010-01-09 19:16:44,19:16:44,36.22,30,30s,68803,601,10.0166666666667
"313","q16",2010-01-09 19:19:12,19:19:12,14.24,0,0s,69552,0,0
"314","q16",2010-01-09 19:19:42,19:19:42,15.93,30,30s,69552,30,0.5
"315","q16",2010-01-09 19:20:13,19:20:13,17.69,31,31s,69552,61,1.01666666666667
"316","q16",2010-01-09 19:20:43,19:20:43,21.29,30,30s,69552,91,1.51666666666667
"317","q16",2010-01-09 19:21:11,19:21:11,22.13,28,28s,69552,119,1.98333333333333
"318","q16",2010-01-09 19:21:43,19:21:43,23.13,32,32s,69552,151,2.51666666666667
"319","q16",2010-01-09 19:22:13,19:22:13,23.51,30,30s,69552,181,3.01666666666667
"320","q16",2010-01-09 19:22:46,19:22:46,24.97,33,33s,69552,214,3.56666666666667
"321","q16",2010-01-09 19:23:12,19:23:12,24.78,26,26s,69552,240,4
"322","q16",2010-01-09 19:23:42,19:23:42,25.74,30,30s,69552,270,4.5
"323","q16",2010-01-09 19:24:12,19:24:12,25.76,30,30s,69552,300,5
"324","q16",2010-01-09 19:24:42,19:24:42,26.62,30,30s,69552,330,5.5
"325","q16",2010-01-09 19:25:12,19:25:12,27.49,30,30s,69552,360,6
"326","q16",2010-01-09 19:25:43,19:25:43,28.46,31,31s,69552,391,6.51666666666667
"327","q16",2010-01-09 19:26:12,19:26:12,29.89,29,29s,69552,420,7
"328","q16",2010-01-09 19:26:42,19:26:42,31.62,30,30s,69552,450,7.5
"329","q16",2010-01-09 19:27:42,19:27:42,34.82,60,60s (~1 minutes),69552,510,8.5
"330","q16",2010-01-09 19:28:13,19:28:13,36.97,31,31s,69552,541,9.01666666666667
"331","q16",2010-01-09 19:28:42,19:28:42,37.74,29,29s,69552,570,9.5
"332","q16",2010-01-09 19:29:12,19:29:12,40.06,30,30s,69552,600,10
"333","q17",2010-01-09 19:30:34,19:30:34,18.43,0,0s,70234,0,0
"334","q17",2010-01-09 19:31:05,19:31:05,19.76,31,31s,70234,31,0.516666666666667
"335","q17",2010-01-09 19:31:34,19:31:34,20.84,29,29s,70234,60,1
"336","q17",2010-01-09 19:32:05,19:32:05,22.04,31,31s,70234,91,1.51666666666667
"337","q17",2010-01-09 19:32:35,19:32:35,22.61,30,30s,70234,121,2.01666666666667
"338","q17",2010-01-09 19:33:04,19:33:04,22.99,29,29s,70234,150,2.5
"339","q17",2010-01-09 19:33:35,19:33:35,23.69,31,31s,70234,181,3.01666666666667
"340","q17",2010-01-09 19:34:05,19:34:05,25.05,30,30s,70234,211,3.51666666666667
"341","q17",2010-01-09 19:34:34,19:34:34,25.35,29,29s,70234,240,4
"342","q17",2010-01-09 19:35:05,19:35:05,25.76,31,31s,70234,271,4.51666666666667
"343","q17",2010-01-09 19:35:34,19:35:34,26.26,29,29s,70234,300,5
"344","q17",2010-01-09 19:36:05,19:36:05,26.47,31,31s,70234,331,5.51666666666667
"345","q17",2010-01-09 19:36:38,19:36:38,27.24,33,33s,70234,364,6.06666666666667
"346","q17",2010-01-09 19:37:05,19:37:05,27.73,27,27s,70234,391,6.51666666666667
"347","q17",2010-01-09 19:37:35,19:37:35,29.49,30,30s,70234,421,7.01666666666667
"348","q17",2010-01-09 19:38:05,19:38:05,29.83,30,30s,70234,451,7.51666666666667
"349","q17",2010-01-09 19:38:35,19:38:35,30.25,30,30s,70234,481,8.01666666666667
"350","q17",2010-01-09 19:39:05,19:39:05,33.07,30,30s,70234,511,8.51666666666667
"351","q17",2010-01-09 19:39:35,19:39:35,35.39,30,30s,70234,541,9.01666666666667
"352","q17",2010-01-09 19:40:05,19:40:05,37.86,30,30s,70234,571,9.51666666666667
"353","q17",2010-01-09 19:40:35,19:40:35,38.74,30,30s,70234,601,10.0166666666667
"354","q18",2010-01-10 20:41:11,20:41:11,15,0,0s,74471,0,0
"355","q18",2010-01-10 20:41:41,20:41:41,17.84,30,30s,74471,30,0.5
"356","q18",2010-01-10 20:42:10,20:42:10,20.5,29,29s,74471,59,0.983333333333333
"357","q18",2010-01-10 20:42:40,20:42:40,21.47,30,30s,74471,89,1.48333333333333
"358","q18",2010-01-10 20:43:11,20:43:11,22.58,31,31s,74471,120,2
"359","q18",2010-01-10 20:43:41,20:43:41,23.31,30,30s,74471,150,2.5
"360","q18",2010-01-10 20:44:10,20:44:10,23.42,29,29s,74471,179,2.98333333333333
"361","q18",2010-01-10 20:44:41,20:44:41,23.89,31,31s,74471,210,3.5
"362","q18",2010-01-10 20:45:10,20:45:10,24.25,29,29s,74471,239,3.98333333333333
"363","q18",2010-01-10 20:45:40,20:45:40,24.87,30,30s,74471,269,4.48333333333333
"364","q18",2010-01-10 20:46:10,20:46:10,25.47,30,30s,74471,299,4.98333333333333
"365","q18",2010-01-10 20:46:41,20:46:41,25.5,31,31s,74471,330,5.5
"366","q18",2010-01-10 20:47:11,20:47:11,26.49,30,30s,74471,360,6
"367","q18",2010-01-10 20:47:40,20:47:40,26.92,29,29s,74471,389,6.48333333333333
"368","q18",2010-01-10 20:48:10,20:48:10,27.5,30,30s,74471,419,6.98333333333333
"369","q18",2010-01-10 20:48:40,20:48:40,28.96,30,30s,74471,449,7.48333333333333
"370","q18",2010-01-10 20:49:10,20:49:10,29.66,30,30s,74471,479,7.98333333333333
"371","q18",2010-01-10 20:49:40,20:49:40,29.95,30,30s,74471,509,8.48333333333333
"372","q18",2010-01-10 20:50:10,20:50:10,31.3,30,30s,74471,539,8.98333333333333
"373","q18",2010-01-10 20:50:40,20:50:40,33.02,30,30s,74471,569,9.48333333333333
"374","q18",2010-01-10 20:51:10,20:51:10,35.2,30,30s,74471,599,9.98333333333333
"375","q19",2010-01-17 18:24:09,18:24:09,15.65,0,0s,66249,0,0
"376","q19",2010-01-17 18:24:39,18:24:39,19.05,30,30s,66249,30,0.5
"377","q19",2010-01-17 18:25:16,18:25:16,20.69,37,37s,66249,67,1.11666666666667
"378","q19",2010-01-17 18:25:39,18:25:39,21.93,23,23s,66249,90,1.5
"379","q19",2010-01-17 18:26:13,18:26:13,22.36,34,34s,66249,124,2.06666666666667
"380","q19",2010-01-17 18:26:40,18:26:40,23.04,27,27s,66249,151,2.51666666666667
"381","q19",2010-01-17 18:27:11,18:27:11,23.41,31,31s,66249,182,3.03333333333333
"382","q19",2010-01-17 18:27:40,18:27:40,24.01,29,29s,66249,211,3.51666666666667
"383","q19",2010-01-17 18:28:09,18:28:09,24.66,29,29s,66249,240,4
"384","q19",2010-01-17 18:29:10,18:29:10,25.64,61,61s (~1.02 minutes),66249,301,5.01666666666667
"385","q19",2010-01-17 18:29:41,18:29:41,25.79,31,31s,66249,332,5.53333333333333
"386","q19",2010-01-17 18:30:10,18:30:10,26.42,29,29s,66249,361,6.01666666666667
"387","q19",2010-01-17 18:30:39,18:30:39,27.04,29,29s,66249,390,6.5
"388","q19",2010-01-17 18:31:10,18:31:10,28.98,31,31s,66249,421,7.01666666666667
"389","q19",2010-01-17 18:31:39,18:31:39,30.49,29,29s,66249,450,7.5
"390","q19",2010-01-17 18:32:15,18:32:15,32.75,36,36s,66249,486,8.1
"391","q19",2010-01-17 18:32:27,18:32:27,33.45,12,12s,66249,498,8.3
"392","q19",2010-01-17 18:32:41,18:32:41,34.99,14,14s,66249,512,8.53333333333333
"393","q19",2010-01-17 18:33:31,18:33:31,38.35,50,50s,66249,562,9.36666666666667
"394","q19",2010-01-17 18:33:40,18:33:40,38.51,9,9s,66249,571,9.51666666666667
"395","q19",2010-01-17 18:34:10,18:34:10,38.31,30,30s,66249,601,10.0166666666667
"396","q20",2010-01-17 18:36:25,18:36:25,14.24,0,0s,66985,0,0
"397","q20",2010-01-17 18:36:56,18:36:56,16.52,31,31s,66985,31,0.516666666666667
"398","q20",2010-01-17 18:37:25,18:37:25,18.87,29,29s,66985,60,1
"399","q20",2010-01-17 18:37:55,18:37:55,20.82,30,30s,66985,90,1.5
"400","q20",2010-01-17 18:38:25,18:38:25,21.88,30,30s,66985,120,2
"401","q20",2010-01-17 18:38:57,18:38:57,22.67,32,32s,66985,152,2.53333333333333
"402","q20",2010-01-17 18:39:25,18:39:25,22.96,28,28s,66985,180,3
"403","q20",2010-01-17 18:39:55,18:39:55,23.93,30,30s,66985,210,3.5
"404","q20",2010-01-17 18:40:25,18:40:25,24.39,30,30s,66985,240,4
"405","q20",2010-01-17 18:40:56,18:40:56,24.85,31,31s,66985,271,4.51666666666667
"406","q20",2010-01-17 18:41:26,18:41:26,24.69,30,30s,66985,301,5.01666666666667
"407","q20",2010-01-17 18:41:55,18:41:55,25.42,29,29s,66985,330,5.5
"408","q20",2010-01-17 18:42:27,18:42:27,26.33,32,32s,66985,362,6.03333333333333
"409","q20",2010-01-17 18:42:55,18:42:55,27.14,28,28s,66985,390,6.5
"410","q20",2010-01-17 18:43:25,18:43:25,27.39,30,30s,66985,420,7
"411","q20",2010-01-17 18:43:55,18:43:55,28.4,30,30s,66985,450,7.5
"412","q20",2010-01-17 18:44:25,18:44:25,29.16,30,30s,66985,480,8
"413","q20",2010-01-17 18:44:55,18:44:55,30.46,30,30s,66985,510,8.5
"414","q20",2010-01-17 18:45:25,18:45:25,33.09,30,30s,66985,540,9
"415","q20",2010-01-17 18:45:55,18:45:55,34.39,30,30s,66985,570,9.5
"416","q20",2010-01-17 18:46:25,18:46:25,36.49,30,30s,66985,600,10
