beeid,season,time,elapse_min,timestamp,thoraxtemp,weight_g,elapse_min_n
bimp01,Spring,17:18:40,0:00:00,0,16.65,0.616,0
bimp01,Spring,17:19:39,0:00:59,1,19.82,0.616,0.983333333
bimp01,Spring,17:20:39,0:01:59,2,21.8,0.616,1.983333333
bimp01,Spring,17:21:44,0:03:04,3,19.56,0.616,3.066666667
bimp01,Spring,17:22:39,0:03:59,4,23.15,0.616,3.983333333
bimp01,Spring,17:23:39,0:04:59,5,24.04,0.616,4.983333333
bimp01,Spring,17:24:39,0:05:59,6,26.63,0.616,5.983333333
bimp01,Spring,17:25:39,0:06:59,7,27.4,0.616,6.983333333
bimp01,Spring,17:26:40,0:08:00,8,29.32,0.616,8
bimp01,Spring,17:27:39,0:08:59,9,31.43,0.616,8.983333333
bimp01,Spring,17:28:40,0:10:00,10,34.51,0.616,10
bimp02,Spring,18:32:56,0:00:00,0,17.09,0.609,0
bimp02,Spring,18:33:56,0:01:00,1,19.59,0.609,1
bimp02,Spring,18:34:25,0:01:29,2,20.51,0.609,1.483333333
bimp02,Spring,18:35:55,0:02:59,3,24.76,0.609,2.983333333
bimp02,Spring,18:36:55,0:03:59,4,25.41,0.609,3.983333333
bimp02,Spring,18:37:56,0:05:00,5,26.33,0.609,5
bimp02,Spring,18:38:55,0:05:59,6,27.73,0.609,5.983333333
bimp02,Spring,18:39:56,0:07:00,7,28.16,0.609,7
bimp02,Spring,18:40:55,0:07:59,8,30.11,0.609,7.983333333
bimp02,Spring,18:41:55,0:08:59,9,33.31,0.609,8.983333333
bimp02,Spring,18:42:55,0:09:59,10,36.62,0.609,9.983333333
bimp03,Spring,18:09:19,0:00:00,0,17.2,0.623,0
bimp03,Spring,18:10:19,0:01:00,1,18.93,0.623,1
bimp03,Spring,18:11:19,0:02:00,2,20.81,0.623,2
bimp03,Spring,18:12:19,0:03:00,3,24.73,0.623,3
bimp03,Spring,18:13:19,0:04:00,4,25.97,0.623,4
bimp03,Spring,18:14:21,0:05:02,5,25.64,0.623,5.033333333
bimp03,Spring,18:15:19,0:06:00,6,26.58,0.623,6
bimp03,Spring,18:16:20,0:07:01,7,27.58,0.623,7.016666667
bimp03,Spring,18:17:19,0:08:00,8,27.45,0.623,8
bimp03,Spring,18:18:20,0:09:01,9,31.5,0.623,9.016666667
bimp03,Spring,18:19:19,0:10:00,10,33.07,0.623,10
bimp04,Spring,17:44:14,0:00:00,0,20.56,0.518,0
bimp04,Spring,17:45:14,0:01:00,1,21.94,0.518,1
bimp04,Spring,17:46:14,0:02:00,2,24.01,0.518,2
bimp04,Spring,17:47:14,0:03:00,3,25.55,0.518,3
bimp04,Spring,17:48:13,0:03:59,4,25.69,0.518,3.983333333
bimp04,Spring,17:49:14,0:05:00,5,27.67,0.518,5
bimp04,Spring,17:50:14,0:06:00,6,27.67,0.518,6
bimp04,Spring,17:51:13,0:06:59,7,28.59,0.518,6.983333333
bimp04,Spring,17:52:14,0:08:00,8,29.5,0.518,8
bimp04,Spring,17:53:14,0:09:00,9,29.51,0.518,9
bimp04,Spring,17:54:14,0:10:00,10,29.87,0.518,10
bimp05,Spring,18:32:56,0:00:00,0,21.59,0.684,0
bimp05,Spring,18:33:55,0:00:59,1,21.36,0.684,0.983333333
bimp05,Spring,18:34:54,0:01:58,2,23.07,0.684,1.966666667
bimp05,Spring,18:35:55,0:02:59,3,25.78,0.684,2.983333333
bimp05,Spring,18:36:54,0:03:58,4,26.38,0.684,3.966666667
bimp05,Spring,18:37:55,0:04:59,5,26.38,0.684,4.983333333
bimp05,Spring,18:38:55,0:05:59,6,28.47,0.684,5.983333333
bimp05,Spring,18:39:56,0:07:00,7,29.11,0.684,7
bimp05,Spring,18:40:25,0:07:29,8,29.86,0.684,7.483333333
bimp05,Spring,18:41:55,0:08:59,9,30.34,0.684,8.983333333
bimp05,Spring,18:43:01,0:10:05,10,29.22,0.684,10.08333333
bimp06,Spring,18:09:20,0:00:00,0,16.04,0.627,0
bimp06,Spring,18:10:20,0:01:00,1,18.2,0.627,1
bimp06,Spring,18:11:20,0:02:00,2,19.69,0.627,2
bimp06,Spring,18:12:20,0:03:00,3,24.61,0.627,3
bimp06,Spring,18:13:20,0:04:00,4,25.23,0.627,4
bimp06,Spring,18:14:21,0:05:01,5,24.32,0.627,5.016666667
bimp06,Spring,18:15:20,0:06:00,6,23.43,0.627,6
bimp06,Spring,18:16:20,0:07:00,7,28.24,0.627,7
bimp06,Spring,18:17:20,0:08:00,8,27.91,0.627,8
bimp06,Spring,18:18:20,0:09:00,9,31.31,0.627,9
bimp06,Spring,18:19:20,0:10:00,10,31.71,0.627,10
bimp08,Spring,19:36:18,0:00:00,0,14.78,0.576,0
bimp08,Spring,19:37:18,0:01:00,1,18.52,0.576,1
bimp08,Spring,19:38:18,0:02:00,2,20.76,0.576,2
bimp08,Spring,19:39:18,0:03:00,3,23.5,0.576,3
bimp08,Spring,19:40:18,0:04:00,4,24.41,0.576,4
bimp08,Spring,19:41:18,0:05:00,5,25.48,0.576,5
bimp08,Spring,19:42:18,0:06:00,6,26.07,0.576,6
bimp08,Spring,19:43:18,0:07:00,7,27.23,0.576,7
bimp08,Spring,19:44:18,0:08:00,8,28,0.576,8
bimp08,Spring,19:45:18,0:09:00,9,28.5,0.576,9
bimp08,Spring,19:46:18,0:10:00,10,30.16,0.576,10
bimp09,Spring,19:36:18,0:00:00,0,14.78,0.567,0
bimp09,Spring,19:37:18,0:01:00,1,18.52,0.567,1
bimp09,Spring,19:38:18,0:02:00,2,20.76,0.567,2
bimp09,Spring,19:39:18,0:03:00,3,23.5,0.567,3
bimp09,Spring,19:40:18,0:04:00,4,24.41,0.567,4
bimp09,Spring,19:41:18,0:05:00,5,25.48,0.567,5
bimp09,Spring,19:42:18,0:06:00,6,26.07,0.567,6
bimp09,Spring,19:43:18,0:07:00,7,27.23,0.567,7
bimp09,Spring,19:44:18,0:08:00,8,28,0.567,8
bimp09,Spring,19:45:18,0:09:00,9,28.5,0.567,9
bimp09,Spring,19:46:18,0:10:00,10,30.16,0.567,10
bimp10,Spring,20:31:40,0:00:00,0,14.51,0.608,0
bimp10,Spring,20:32:41,0:01:01,1,17.46,0.608,1.016666667
bimp10,Spring,20:33:40,0:02:00,2,22.3,0.608,2
bimp10,Spring,20:34:40,0:03:00,3,23.67,0.608,3
bimp10,Spring,20:36:10,0:04:30,4,25.76,0.608,4.5
bimp10,Spring,20:36:40,0:05:00,5,25.85,0.608,5
bimp10,Spring,20:37:40,0:06:00,6,27.11,0.608,6
bimp10,Spring,20:38:40,0:07:00,7,28.32,0.608,7
bimp10,Spring,20:39:40,0:08:00,8,29.37,0.608,8
bimp10,Spring,20:40:40,0:09:00,9,30.77,0.608,9
bimp10,Spring,20:41:40,0:10:00,10,33.88,0.608,10
bimp07,Spring,13:02:11,0:00:00,0,13.8,0.594,0
bimp07,Spring,13:03:11,0:01:00,1,14.9,0.594,1
bimp07,Spring,13:04:11,0:02:00,2,20.19,0.594,2
bimp07,Spring,13:05:11,0:03:00,3,22.32,0.594,3
bimp07,Spring,13:06:11,0:04:00,4,23.63,0.594,4
bimp07,Spring,13:07:11,0:05:00,5,26.36,0.594,5
bimp07,Spring,13:08:11,0:06:00,6,28.12,0.594,6
bimp07,Spring,13:09:11,0:07:00,7,29.82,0.594,7
bimp07,Spring,13:10:11,0:08:00,8,34.22,0.594,8
bimp07,Spring,13:11:11,0:09:00,9,35.95,0.594,9
bimp07,Spring,13:12:11,0:10:00,10,35.4,0.594,10
bimp11,Spring,16:44:36,0:00:00,0,18.15,0.663,0
bimp11,Spring,16:45:37,0:01:01,1,20.64,0.663,1.016666667
bimp11,Spring,16:46:36,0:02:00,2,23.01,0.663,2
bimp11,Spring,16:47:36,0:03:00,3,24.43,0.663,3
bimp11,Spring,16:48:36,0:04:00,4,25.46,0.663,4
bimp11,Spring,16:49:36,0:05:00,5,27.91,0.663,5
bimp11,Spring,16:50:36,0:06:00,6,28.57,0.663,6
bimp11,Spring,16:51:36,0:07:00,7,30.67,0.663,7
bimp11,Spring,16:52:36,0:08:00,8,33.6,0.663,8
bimp11,Spring,16:53:36,0:09:00,9,37.16,0.663,9
bimp11,Spring,16:54:36,0:10:00,10,39.01,0.663,10
bimp12,Spring,17:12:39,0:00:00,0,16.06,0.608,0
bimp12,Spring,17:13:39,0:01:00,1,18.38,0.608,1
bimp12,Spring,17:14:39,0:02:00,2,21.45,0.608,2
bimp12,Spring,17:15:39,0:03:00,3,22.76,0.608,3
bimp12,Spring,17:16:39,0:04:00,4,25,0.608,4
bimp12,Spring,17:17:40,0:05:01,5,26.24,0.608,5.016666667
bimp12,Spring,17:18:39,0:06:00,6,27.95,0.608,6
bimp12,Spring,17:19:40,0:07:01,7,31.43,0.608,7.016666667
bimp12,Spring,17:20:39,0:08:00,8,35.72,0.608,8
bimp12,Spring,17:21:39,0:09:00,9,40.18,0.608,9
bimp12,Spring,17:22:39,0:10:00,10,41.11,0.608,10
bimp14,Spring,16:42:04,0:00:00,0,14.78,0.59,0
bimp14,Spring,16:43:04,0:01:00,1,17.56,0.59,1
bimp14,Spring,16:44:03,0:01:59,2,21.01,0.59,1.983333333
bimp14,Spring,16:45:03,0:02:59,3,23.37,0.59,2.983333333
bimp14,Spring,16:46:03,0:03:59,4,25.29,0.59,3.983333333
bimp14,Spring,16:47:03,0:04:59,5,26.24,0.59,4.983333333
bimp14,Spring,16:48:04,0:06:00,6,21.66,0.59,6
bimp14,Spring,16:49:03,0:06:59,7,26.69,0.59,6.983333333
bimp14,Spring,16:50:03,0:07:59,8,27.72,0.59,7.983333333
bimp14,Spring,16:51:02,0:08:58,9,31.23,0.59,8.966666667
bimp14,Spring,16:52:03,0:09:59,10,33.8,0.59,9.983333333
bimp15,Spring,16:07:34,0:00:00,0,15.86,0.468,0
bimp15,Spring,16:08:33,0:00:59,1,20.36,0.468,0.983333333
bimp15,Spring,16:09:34,0:02:00,2,22.66,0.468,2
bimp15,Spring,16:10:33,0:02:59,3,25.14,0.468,2.983333333
bimp15,Spring,16:11:35,0:04:01,4,25.75,0.468,4.016666667
bimp15,Spring,16:12:33,0:04:59,5,26.73,0.468,4.983333333
bimp15,Spring,16:13:33,0:05:59,6,27.61,0.468,5.983333333
bimp15,Spring,16:14:34,0:07:00,7,29.07,0.468,7
bimp15,Spring,16:15:33,0:07:59,8,29.37,0.468,7.983333333
bimp15,Spring,16:16:33,0:08:59,9,31.72,0.468,8.983333333
bimp15,Spring,16:17:33,0:09:59,10,33.1,0.468,9.983333333
bimp16,Spring,17:27:12,0:00:00,0,18.15,0.621,0
bimp16,Spring,17:28:11,0:00:59,1,21.6,0.621,0.983333333
bimp16,Spring,17:29:11,0:01:59,2,24.11,0.621,1.983333333
bimp16,Spring,17:30:11,0:02:59,3,23.13,0.621,2.983333333
bimp16,Spring,17:31:11,0:03:59,4,24.06,0.621,3.983333333
bimp16,Spring,17:32:10,0:04:58,5,27.25,0.621,4.966666667
bimp16,Spring,17:33:11,0:05:59,6,27.7,0.621,5.983333333
bimp16,Spring,17:34:11,0:06:59,7,28.67,0.621,6.983333333
bimp16,Spring,17:35:11,0:07:59,8,29.81,0.621,7.983333333
bimp16,Spring,17:36:11,0:08:59,9,32.69,0.621,8.983333333
bimp16,Spring,17:37:11,0:09:59,10,36.42,0.621,9.983333333
bimp17,Spring,17:55:38,0:00:00,0,13.1,0.6,0
bimp17,Spring,17:56:38,0:01:00,1,17.47,0.6,1
bimp17,Spring,17:57:38,0:02:00,2,21.23,0.6,2
bimp17,Spring,17:58:38,0:03:00,3,23.66,0.6,3
bimp17,Spring,17:59:38,0:04:00,4,25.03,0.6,4
bimp17,Spring,18:00:38,0:05:00,5,26.07,0.6,5
bimp17,Spring,18:01:38,0:06:00,6,26.88,0.6,6
bimp17,Spring,18:02:38,0:07:00,7,27.69,0.6,7
bimp17,Spring,18:03:38,0:08:00,8,28.03,0.6,8
bimp17,Spring,18:04:38,0:09:00,9,29.47,0.6,9
bimp17,Spring,18:05:38,0:10:00,10,32.15,0.6,10
bimp19,Spring,17:19:46,0:00:00,0,15.64,0.694,0
bimp19,Spring,17:20:45,0:00:59,1,18.59,0.694,0.983333333
bimp19,Spring,17:21:45,0:01:59,2,21.45,0.694,1.983333333
bimp19,Spring,17:22:46,0:03:00,3,23.57,0.694,3
bimp19,Spring,17:23:46,0:04:00,4,24.67,0.694,4
bimp19,Spring,17:24:47,0:05:01,5,25.6,0.694,5.016666667
bimp19,Spring,17:25:45,0:05:59,6,26.52,0.694,5.983333333
bimp19,Spring,17:26:45,0:06:59,7,26.82,0.694,6.983333333
bimp19,Spring,17:27:45,0:07:59,8,27.43,0.694,7.983333333
bimp19,Spring,17:28:45,0:08:59,9,28.53,0.694,8.983333333
bimp19,Spring,17:29:45,0:09:59,10,30.25,0.694,9.983333333
bimp20,Spring,17:19:45,0:00:00,0,15.52,0.55,0
bimp20,Spring,17:20:45,0:01:00,1,18.99,0.55,1
bimp20,Spring,17:21:44,0:01:59,2,21.39,0.55,1.983333333
bimp20,Spring,17:22:46,0:03:01,3,24.08,0.55,3.016666667
bimp20,Spring,17:23:45,0:04:00,4,25.33,0.55,4
bimp20,Spring,17:24:46,0:05:01,5,26.51,0.55,5.016666667
bimp20,Spring,17:25:45,0:06:00,6,27.71,0.55,6
bimp20,Spring,17:26:45,0:07:00,7,30.14,0.55,7
bimp20,Spring,17:27:45,0:08:00,8,36.18,0.55,8
bimp20,Spring,17:28:45,0:09:00,9,37.28,0.55,9
bimp20,Spring,17:29:45,0:10:00,10,37.11,0.55,10
bimp21,Spring,18:05:27,0:00:00,0,19.56,0.572,0
bimp21,Spring,18:06:27,0:01:00,1,22.25,0.572,1
bimp21,Spring,18:07:27,0:02:00,2,23.09,0.572,2
bimp21,Spring,18:08:27,0:03:00,3,24.72,0.572,3
bimp21,Spring,18:09:27,0:04:00,4,26.24,0.572,4
bimp21,Spring,18:10:27,0:05:00,5,28,0.572,5
bimp21,Spring,18:11:27,0:06:00,6,30.47,0.572,6
bimp21,Spring,18:12:27,0:07:00,7,34.04,0.572,7
bimp21,Spring,18:13:27,0:08:00,8,39.44,0.572,8
bimp21,Spring,18:14:26,0:08:59,9,40.6,0.572,8.983333333
bimp21,Spring,18:15:27,0:10:00,10,40.74,0.572,10
bimp18,Spring,16:48:01,0:00:00,0,18.4,0.529,0
bimp18,Spring,16:49:01,0:01:00,1,19.25,0.529,1
bimp18,Spring,16:50:01,0:02:00,2,22.93,0.529,2
bimp18,Spring,16:51:01,0:03:00,3,24.58,0.529,3
bimp18,Spring,16:52:01,0:04:00,4,25.89,0.529,4
bimp18,Spring,16:53:01,0:05:00,5,26.9,0.529,5
bimp18,Spring,16:54:01,0:06:00,6,28.01,0.529,6
bimp18,Spring,16:55:01,0:07:00,7,28.92,0.529,7
bimp18,Spring,16:56:01,0:08:00,8,29.85,0.529,8
bimp18,Spring,16:57:01,0:09:00,9,29.82,0.529,9
bimp18,Spring,16:58:01,0:10:00,10,30.02,0.529,10
bimp24,Spring,17:55:23,0:00:00,0,21.18,0.64,0
bimp24,Spring,17:56:22,0:00:59,1,23.52,0.64,0.983333333
bimp24,Spring,17:57:22,0:01:59,2,24.3,0.64,1.983333333
bimp24,Spring,17:58:22,0:02:59,3,25.58,0.64,2.983333333
bimp24,Spring,17:59:22,0:03:59,4,27.16,0.64,3.983333333
bimp24,Spring,18:00:22,0:04:59,5,28.1,0.64,4.983333333
bimp24,Spring,18:01:22,0:05:59,6,29.32,0.64,5.983333333
bimp24,Spring,18:02:22,0:06:59,7,30.84,0.64,6.983333333
bimp24,Spring,18:03:22,0:07:59,8,32.97,0.64,7.983333333
bimp24,Spring,18:04:22,0:08:59,9,35.11,0.64,8.983333333
bimp24,Spring,18:05:23,0:10:00,10,37.05,0.64,10
bimp25,Spring,10:29:14,0:00:00,0,14.72,0.627,0
bimp25,Spring,10:30:13,0:00:59,1,17.82,0.627,0.983333333
bimp25,Spring,10:31:14,0:02:00,2,19.98,0.627,2
bimp25,Spring,10:32:14,0:03:00,3,21.8,0.627,3
bimp25,Spring,10:33:14,0:04:00,4,23.13,0.627,4
bimp25,Spring,10:34:14,0:05:00,5,24.58,0.627,5
bimp25,Spring,10:35:13,0:05:59,6,27.06,0.627,5.983333333
bimp25,Spring,10:36:14,0:07:00,7,29.33,0.627,7
bimp25,Spring,10:37:14,0:08:00,8,38.53,0.627,8
bimp25,Spring,10:38:14,0:09:00,9,40.2,0.627,9
bimp25,Spring,10:39:14,0:10:00,10,39.98,0.627,10
bimp26,Spring,10:29:14,0:00:00,0,16.22,0.682,0
bimp26,Spring,10:30:14,0:01:00,1,20.35,0.682,1
bimp26,Spring,10:31:14,0:02:00,2,20.53,0.682,2
bimp26,Spring,10:32:14,0:03:00,3,22.34,0.682,3
bimp26,Spring,10:33:14,0:04:00,4,23.3,0.682,4
bimp26,Spring,10:34:14,0:05:00,5,25.27,0.682,5
bimp26,Spring,10:35:14,0:06:00,6,27.12,0.682,6
bimp26,Spring,10:36:14,0:07:00,7,30.24,0.682,7
bimp26,Spring,10:37:14,0:08:00,8,34.46,0.682,8
bimp26,Spring,10:38:14,0:09:00,9,40.09,0.682,9
bimp27,Spring,10:53:43,0:00:00,0,9.07,0.704,0
bimp27,Spring,10:54:43,0:01:00,1,15.16,0.704,1
bimp27,Spring,10:55:43,0:02:00,2,18.58,0.704,2
bimp27,Spring,10:56:43,0:03:00,3,21.45,0.704,3
bimp27,Spring,10:57:43,0:04:00,4,23.47,0.704,4
bimp27,Spring,10:58:43,0:05:00,5,24.43,0.704,5
bimp27,Spring,10:59:43,0:06:00,6,26.43,0.704,6
bimp27,Spring,11:00:43,0:07:00,7,26.93,0.704,7
bimp27,Spring,11:01:43,0:08:00,8,28.27,0.704,8
bimp27,Spring,11:02:43,0:09:00,9,31.07,0.704,9
bimp27,Spring,11:03:43,0:10:00,10,36.74,0.704,10
bimp28,Spring,15:18:54,0:00:00,0,15.2,0.627,0
bimp28,Spring,15:19:54,0:01:00,1,18.2,0.627,1
bimp28,Spring,15:20:54,0:02:00,2,20.93,0.627,2
bimp28,Spring,15:21:54,0:03:00,3,23.53,0.627,3
bimp28,Spring,15:22:54,0:04:00,4,26.69,0.627,4
bimp28,Spring,15:23:54,0:05:00,5,27.65,0.627,5
bimp28,Spring,15:24:54,0:06:00,6,29.76,0.627,6
bimp28,Spring,15:25:54,0:07:00,7,32.45,0.627,7
bimp28,Spring,15:26:54,0:08:00,8,35.33,0.627,8
bimp28,Spring,15:27:54,0:09:00,9,37.13,0.627,9
bimp28,Spring,15:28:54,0:10:00,10,36.95,0.627,10
bimp29,Spring,15:18:54,0:00:00,0,16.57,0.638,0
bimp29,Spring,15:19:54,0:01:00,1,19.76,0.638,1
bimp29,Spring,15:20:53,0:01:59,2,21.86,0.638,1.983333333
bimp29,Spring,15:21:54,0:03:00,3,24.2,0.638,3
bimp29,Spring,15:22:53,0:03:59,4,25.26,0.638,3.983333333
bimp29,Spring,15:23:53,0:04:59,5,27.33,0.638,4.983333333
bimp29,Spring,15:24:54,0:06:00,6,27.99,0.638,6
bimp29,Spring,15:25:54,0:07:00,7,27.89,0.638,7
bimp29,Spring,15:26:54,0:08:00,8,28.13,0.638,8
bimp29,Spring,15:27:53,0:08:59,9,29.46,0.638,8.983333333
bimp29,Spring,15:28:53,0:09:59,10,29.71,0.638,9.983333333
bimp30,Spring,15:45:41,0:00:00,0,12.7,0.671,0
bimp30,Spring,15:46:41,0:01:00,1,16.04,0.671,1
bimp30,Spring,15:47:41,0:02:00,2,21.42,0.671,2
bimp30,Spring,15:48:41,0:03:00,3,22.48,0.671,3
bimp30,Spring,15:49:41,0:04:00,4,24.44,0.671,4
bimp30,Spring,15:50:41,0:05:00,5,25.49,0.671,5
bimp30,Spring,15:51:41,0:06:00,6,26.58,0.671,6
bimp30,Spring,15:52:41,0:07:00,7,28.32,0.671,7
bimp30,Spring,15:53:41,0:08:00,8,30.43,0.671,8
bimp30,Spring,15:54:41,0:09:00,9,33.12,0.671,9
bimp30,Spring,15:55:41,0:10:00,10,38.36,0.671,10
bimp31,Spring,15:45:42,0:00:00,0,10.83,0.66,0
bimp31,Spring,15:46:42,0:01:00,1,18.87,0.66,1
bimp31,Spring,15:47:42,0:02:00,2,21.04,0.66,2
bimp31,Spring,15:48:42,0:03:00,3,23.24,0.66,3
bimp31,Spring,15:49:42,0:04:00,4,24.47,0.66,4
bimp31,Spring,15:50:42,0:05:00,5,25.24,0.66,5
bimp31,Spring,15:51:42,0:06:00,6,26.78,0.66,6
bimp31,Spring,15:52:42,0:07:00,7,28.18,0.66,7
bimp31,Spring,15:53:43,0:08:01,8,32.93,0.66,8.016666667
bimp31,Spring,15:54:42,0:09:00,9,36.93,0.66,9
bimp31,Spring,15:55:42,0:10:00,10,37.96,0.66,10
bimp32,Spring,16:11:41,0:00:00,0,13.03,0.564,0
bimp32,Spring,16:12:41,0:01:00,1,18.52,0.564,1
bimp32,Spring,16:13:41,0:02:00,2,20.37,0.564,2
bimp32,Spring,16:14:41,0:03:00,3,25.1,0.564,3
bimp32,Spring,16:15:41,0:04:00,4,26.84,0.564,4
bimp32,Spring,16:16:42,0:05:01,5,27.33,0.564,5.016666667
bimp32,Spring,16:17:42,0:06:01,6,28.22,0.564,6.016666667
bimp32,Spring,16:18:41,0:07:00,7,29.18,0.564,7
bimp32,Spring,16:19:41,0:08:00,8,29.84,0.564,8
bimp32,Spring,16:20:41,0:09:00,9,31.91,0.564,9
bimp32,Spring,16:21:41,0:10:00,10,35.76,0.564,10
bimp33,Spring,15:02:46,0:00:00,0,13.07,0.681,0
bimp33,Spring,15:03:46,0:01:00,1,16.79,0.681,1
bimp33,Spring,15:04:46,0:02:00,2,19.3,0.681,2
bimp33,Spring,15:05:46,0:03:00,3,22.41,0.681,3
bimp33,Spring,15:06:46,0:04:00,4,24.25,0.681,4
bimp33,Spring,15:07:46,0:05:00,5,25.2,0.681,5
bimp33,Spring,15:08:46,0:06:00,6,26.02,0.681,6
bimp33,Spring,15:09:46,0:07:00,7,26.95,0.681,7
bimp33,Spring,15:10:46,0:08:00,8,27.51,0.681,8
bimp33,Spring,15:11:46,0:09:00,9,28.36,0.681,9
bimp33,Spring,15:12:46,0:10:00,10,30.38,0.681,10
bimp34,Spring,13:46:04,0:00:00,0,12.67,0.555,0
bimp34,Spring,13:47:04,0:01:00,1,12.41,0.555,1
bimp34,Spring,13:48:04,0:02:00,2,18.94,0.555,2
bimp34,Spring,13:49:04,0:03:00,3,22.64,0.555,3
bimp34,Spring,13:50:04,0:04:00,4,23.61,0.555,4
bimp34,Spring,13:51:04,0:05:00,5,26.2,0.555,5
bimp34,Spring,13:52:04,0:06:00,6,27.62,0.555,6
bimp34,Spring,13:53:04,0:07:00,7,28.56,0.555,7
bimp34,Spring,13:54:04,0:08:00,8,29.57,0.555,8
bimp34,Spring,13:55:04,0:09:00,9,32.94,0.555,9
bimp34,Spring,13:56:04,0:10:00,10,35.8,0.555,10
bimp35,Spring,14:35:51,0:00:00,0,11.59,0.494,0
bimp35,Spring,14:36:51,0:01:00,1,19.59,0.494,1
bimp35,Spring,14:37:51,0:02:00,2,21.75,0.494,2
bimp35,Spring,14:38:51,0:03:00,3,25.48,0.494,3
bimp35,Spring,14:39:51,0:04:00,4,26.43,0.494,4
bimp35,Spring,14:40:51,0:05:00,5,27.68,0.494,5
bimp35,Spring,14:41:51,0:06:00,6,28.65,0.494,6
bimp35,Spring,14:42:51,0:07:00,7,28.6,0.494,7
bimp35,Spring,14:43:51,0:08:00,8,31.86,0.494,8
bimp35,Spring,14:44:51,0:09:00,9,35.27,0.494,9
bimp35,Spring,14:45:51,0:10:00,10,37.91,0.494,10
bimp37,Spring,13:20:59,0:00:00,0,13.17,0.517,0
bimp37,Spring,13:21:59,0:01:00,1,17.81,0.517,1
bimp37,Spring,13:22:59,0:02:00,2,22.22,0.517,2
bimp37,Spring,13:23:59,0:03:00,3,24.72,0.517,3
bimp37,Spring,13:24:59,0:04:00,4,26.05,0.517,4
bimp37,Spring,13:25:59,0:05:00,5,26.49,0.517,5
bimp37,Spring,13:26:59,0:06:00,6,28.46,0.517,6
bimp37,Spring,13:27:59,0:07:00,7,30.29,0.517,7
bimp37,Spring,13:28:59,0:08:00,8,36.1,0.517,8
bimp37,Spring,13:29:58,0:08:59,9,39.24,0.517,8.983333333
bimp37,Spring,13:30:59,0:10:00,10,39.24,0.517,10
bimp44,Spring,17:54:55,0:00:00,0,12.14,0.654,0
bimp44,Spring,17:55:54,0:00:59,1,16.94,0.654,0.983333333
bimp44,Spring,17:56:54,0:01:59,2,21.6,0.654,1.983333333
bimp44,Spring,17:57:55,0:03:00,3,24.47,0.654,3
bimp44,Spring,17:58:55,0:04:00,4,24.63,0.654,4
bimp44,Spring,17:59:55,0:05:00,5,25.16,0.654,5
bimp44,Spring,18:00:55,0:06:00,6,26.22,0.654,6
bimp44,Spring,18:01:54,0:06:59,7,27.29,0.654,6.983333333
bimp44,Spring,18:02:55,0:08:00,8,28.16,0.654,8
bimp44,Spring,18:03:54,0:08:59,9,29.68,0.654,8.983333333
bimp44,Spring,18:04:54,0:09:59,10,31.7,0.654,9.983333333
bimp45,Spring,18:48:35,0:00:00,0,14.55,0.523,0
bimp45,Spring,18:49:34,0:00:59,1,18.25,0.523,0.983333333
bimp45,Spring,18:50:34,0:01:59,2,21.48,0.523,1.983333333
bimp45,Spring,18:51:34,0:02:59,3,23.8,0.523,2.983333333
bimp45,Spring,18:52:34,0:03:59,4,25.5,0.523,3.983333333
bimp45,Spring,18:53:34,0:04:59,5,26.44,0.523,4.983333333
bimp45,Spring,18:54:34,0:05:59,6,27.43,0.523,5.983333333
bimp45,Spring,18:55:34,0:06:59,7,28.45,0.523,6.983333333
bimp45,Spring,18:56:34,0:07:59,8,30.05,0.523,7.983333333
bimp45,Spring,18:57:34,0:08:59,9,32.87,0.523,8.983333333
bimp45,Spring,18:58:34,0:09:59,10,34.3,0.523,9.983333333
bimp38,Spring,15:11:52,0:00:00,0,13.78,0.574,0
bimp38,Spring,15:12:52,0:01:00,1,19.05,0.574,1
bimp38,Spring,15:13:52,0:02:00,2,21.71,0.574,2
bimp38,Spring,15:14:52,0:03:00,3,23.11,0.574,3
bimp38,Spring,15:15:52,0:04:00,4,25.47,0.574,4
bimp38,Spring,15:16:52,0:05:00,5,27.82,0.574,5
bimp38,Spring,15:17:52,0:06:00,6,28.88,0.574,6
bimp38,Spring,15:18:52,0:07:00,7,32.01,0.574,7
bimp38,Spring,15:19:52,0:08:00,8,35.43,0.574,8
bimp38,Spring,15:20:52,0:09:00,9,36.79,0.574,9
bimp38,Spring,15:21:52,0:10:00,10,38.65,0.574,10
bimp39,Spring,15:11:51,0:00:00,0,10.19,0.51,0
bimp39,Spring,15:12:51,0:01:00,1,17.7,0.51,1
bimp39,Spring,15:13:51,0:02:00,2,21.06,0.51,2
bimp39,Spring,15:14:52,0:03:01,3,22.55,0.51,3.016666667
bimp39,Spring,15:15:51,0:04:00,4,25.27,0.51,4
bimp39,Spring,15:16:51,0:05:00,5,25.86,0.51,5
bimp39,Spring,15:17:51,0:06:00,6,28.05,0.51,6
bimp39,Spring,15:18:51,0:07:00,7,30.17,0.51,7
bimp39,Spring,15:19:51,0:08:00,8,33.46,0.51,8
bimp39,Spring,15:20:51,0:09:00,9,36.41,0.51,9
bimp39,Spring,15:21:51,0:10:00,10,37.69,0.51,10
bimp40,Spring,15:49:39,0:00:00,0,13.66,0.602,0
bimp40,Spring,15:50:39,0:01:00,1,17.28,0.602,1
bimp40,Spring,15:51:39,0:02:00,2,20.85,0.602,2
bimp40,Spring,15:52:39,0:03:00,3,22.85,0.602,3
bimp40,Spring,15:53:39,0:04:00,4,24.17,0.602,4
bimp40,Spring,15:54:39,0:05:00,5,25.44,0.602,5
bimp40,Spring,15:55:39,0:06:00,6,26.27,0.602,6
bimp40,Spring,15:56:39,0:07:00,7,26.73,0.602,7
bimp40,Spring,15:57:39,0:08:00,8,27.05,0.602,8
bimp40,Spring,15:58:39,0:09:00,9,28.59,0.602,9
bimp40,Spring,15:59:39,0:10:00,10,31.15,0.602,10
bimp41,Spring,16:43:58,0:00:00,0,10.91,0.614,0
bimp41,Spring,16:44:57,0:00:59,1,17.2,0.614,0.983333333
bimp41,Spring,16:45:57,0:01:59,2,19.97,0.614,1.983333333
bimp41,Spring,16:46:57,0:02:59,3,21.45,0.614,2.983333333
bimp41,Spring,16:47:57,0:03:59,4,23.96,0.614,3.983333333
bimp41,Spring,16:48:57,0:04:59,5,23.63,0.614,4.983333333
bimp41,Spring,16:49:57,0:05:59,6,26.07,0.614,5.983333333
bimp41,Spring,16:50:57,0:06:59,7,27.32,0.614,6.983333333
bimp41,Spring,16:51:57,0:07:59,8,27.84,0.614,7.983333333
bimp41,Spring,16:52:57,0:08:59,9,28.07,0.614,8.983333333
bimp41,Spring,16:53:57,0:09:59,10,28.26,0.614,9.983333333
bimp42,Spring,16:43:54,0:00:00,0,14.84,0.459,0
bimp42,Spring,16:44:52,0:00:58,1,19.3,0.459,0.966666667
bimp42,Spring,16:45:52,0:01:58,2,20.35,0.459,1.966666667
bimp42,Spring,16:46:51,0:02:57,3,22.5,0.459,2.95
bimp42,Spring,16:47:51,0:03:57,4,23.75,0.459,3.95
bimp42,Spring,16:48:52,0:04:58,5,25.56,0.459,4.966666667
bimp42,Spring,16:49:51,0:05:57,6,26.34,0.459,5.95
bimp42,Spring,16:50:52,0:06:58,7,27.05,0.459,6.966666667
bimp42,Spring,16:51:52,0:07:58,8,27.22,0.459,7.966666667
bimp42,Spring,16:52:52,0:08:58,9,27.76,0.459,8.966666667
bimp42,Spring,16:53:51,0:09:57,10,28.27,0.459,9.95
bimp43,Spring,17:08:54,0:00:00,0,11.83,0.709,0
bimp43,Spring,17:09:54,0:01:00,1,16.53,0.709,1
bimp43,Spring,17:10:54,0:02:00,2,18.93,0.709,2
bimp43,Spring,17:11:53,0:02:59,3,22.56,0.709,2.983333333
bimp43,Spring,17:12:54,0:04:00,4,24.99,0.709,4
bimp43,Spring,17:13:54,0:05:00,5,25.57,0.709,5
bimp43,Spring,17:14:53,0:05:59,6,26.5,0.709,5.983333333
bimp43,Spring,17:15:53,0:06:59,7,27.3,0.709,6.983333333
bimp43,Spring,17:16:54,0:08:00,8,28.18,0.709,8
bimp43,Spring,17:17:53,0:08:59,9,28.63,0.709,8.983333333
bimp43,Spring,17:18:54,0:10:00,10,30.51,0.709,10
bimp46,Spring,11:39:31,0:00:00,0,13.42,0.559,0
bimp46,Spring,11:40:31,0:01:00,1,18.11,0.559,1
bimp46,Spring,11:41:31,0:02:00,2,21.7,0.559,2
bimp46,Spring,11:42:31,0:03:00,3,22.96,0.559,3
bimp46,Spring,11:43:31,0:04:00,4,24.2,0.559,4
bimp46,Spring,11:44:33,0:05:02,5,26.54,0.559,5.033333333
bimp46,Spring,11:45:31,0:06:00,6,26.55,0.559,6
bimp46,Spring,11:46:31,0:07:00,7,27.75,0.559,7
bimp46,Spring,11:47:31,0:08:00,8,28.66,0.559,8
bimp46,Spring,11:48:31,0:09:00,9,29.74,0.559,9
bimp46,Spring,11:49:31,0:10:00,10,32.22,0.559,10
bimp47,Spring,11:39:31,0:00:00,0,14.67,0.585,0
bimp47,Spring,11:40:31,0:01:00,1,18.97,0.585,1
bimp47,Spring,11:41:31,0:02:00,2,22.52,0.585,2
bimp47,Spring,11:42:31,0:03:00,3,23.24,0.585,3
bimp47,Spring,11:43:31,0:04:00,4,24.57,0.585,4
bimp47,Spring,11:44:31,0:05:00,5,26.61,0.585,5
bimp47,Spring,11:45:31,0:06:00,6,27.84,0.585,6
bimp47,Spring,11:46:31,0:07:00,7,27.56,0.585,7
bimp47,Spring,11:47:31,0:08:00,8,30.12,0.585,8
bimp47,Spring,11:48:31,0:09:00,9,32.16,0.585,9
bimp47,Spring,11:49:31,0:10:00,10,35.18,0.585,10
bimp48,Spring,12:06:39,0:00:00,0,12.55,0.62,0
bimp48,Spring,12:07:39,0:01:00,1,16.85,0.62,1
bimp48,Spring,12:08:39,0:02:00,2,20.84,0.62,2
bimp48,Spring,12:09:39,0:03:00,3,23.02,0.62,3
bimp48,Spring,12:09:39,0:03:00,4,24.97,0.62,3
bimp48,Spring,12:11:39,0:05:00,5,25.88,0.62,5
bimp48,Spring,12:12:39,0:06:00,6,27.23,0.62,6
bimp48,Spring,12:13:39,0:07:00,7,30.57,0.62,7
bimp48,Spring,12:14:39,0:08:00,8,31.66,0.62,8
bimp48,Spring,12:15:39,0:09:00,9,30.22,0.62,9
bimp48,Spring,12:16:39,0:10:00,10,32.76,0.62,10
bimp49,Spring,12:34:51,0:00:00,0,14.58,0.657,0
bimp49,Spring,12:35:51,0:01:00,1,19.4,0.657,1
bimp49,Spring,12:36:52,0:02:01,2,20.93,0.657,2.016666667
bimp49,Spring,12:37:52,0:03:01,3,23.1,0.657,3.016666667
bimp49,Spring,12:38:52,0:04:01,4,24.22,0.657,4.016666667
bimp49,Spring,12:39:57,0:05:06,5,25.68,0.657,5.1
bimp49,Spring,12:40:51,0:06:00,6,25.71,0.657,6
bimp49,Spring,12:41:52,0:07:01,7,26.15,0.657,7.016666667
bimp49,Spring,12:42:51,0:08:00,8,27.63,0.657,8
bimp49,Spring,12:43:51,0:09:00,9,27.52,0.657,9
bimp49,Spring,12:44:51,0:10:00,10,28.44,0.657,10
bimp50,Spring,12:34:51,0:00:00,0,13.86,0.711,0
bimp50,Spring,12:35:52,0:01:01,1,19.22,0.711,1.016666667
bimp50,Spring,12:36:52,0:02:01,2,20.13,0.711,2.016666667
bimp50,Spring,12:37:52,0:03:01,3,22.78,0.711,3.016666667
bimp50,Spring,12:38:52,0:04:01,4,23.75,0.711,4.016666667
bimp50,Spring,12:39:51,0:05:00,5,24.99,0.711,5
bimp50,Spring,12:40:52,0:06:01,6,25.52,0.711,6.016666667
bimp50,Spring,12:41:52,0:07:01,7,26.33,0.711,7.016666667
bimp50,Spring,12:42:52,0:08:01,8,27.01,0.711,8.016666667
bimp50,Spring,12:43:52,0:09:01,9,27.76,0.711,9.016666667
bimp50,Spring,12:44:52,0:10:01,10,29.58,0.711,10.01666667
bimp51,Spring,13:23:36,0:00:00,0,11.45,0.544,0
bimp51,Spring,13:24:36,0:01:00,1,16.87,0.544,1
bimp51,Spring,13:25:36,0:02:00,2,20.66,0.544,2
bimp51,Spring,13:26:36,0:03:00,3,22.86,0.544,3
bimp51,Spring,13:27:36,0:04:00,4,24.49,0.544,4
bimp51,Spring,13:28:36,0:05:00,5,25.4,0.544,5
bimp51,Spring,13:29:36,0:06:00,6,27.06,0.544,6
bimp51,Spring,13:30:36,0:07:00,7,27.77,0.544,7
bimp51,Spring,13:31:36,0:08:00,8,27.69,0.544,8
bimp51,Spring,13:32:36,0:09:00,9,28.22,0.544,9
bimp51,Spring,13:33:36,0:10:00,10,29.02,0.544,10
bimp52,Spring,13:23:36,0:00:00,0,12.21,0.739,0
bimp52,Spring,13:24:36,0:01:00,1,17.99,0.739,1
bimp52,Spring,13:25:36,0:02:00,2,21.34,0.739,2
bimp52,Spring,13:26:36,0:03:00,3,23.96,0.739,3
bimp52,Spring,13:27:36,0:04:00,4,24.02,0.739,4
bimp52,Spring,13:28:36,0:05:00,5,25.78,0.739,5
bimp52,Spring,13:29:36,0:06:00,6,26.3,0.739,6
bimp52,Spring,13:30:36,0:07:00,7,27.59,0.739,7
bimp52,Spring,13:31:36,0:08:00,8,27.6,0.739,8
bimp52,Spring,13:32:36,0:09:00,9,28.04,0.739,9
bimp52,Spring,13:33:36,0:10:00,10,29.15,0.739,10
bimp53,Spring,13:49:34,0:00:00,0,10.32,0.67,0
bimp53,Spring,13:50:33,0:00:59,1,15.64,0.67,0.983333333
bimp53,Spring,13:51:33,0:01:59,2,20.71,0.67,1.983333333
bimp53,Spring,13:52:33,0:02:59,3,23.12,0.67,2.983333333
bimp53,Spring,13:53:33,0:03:59,4,24.55,0.67,3.983333333
bimp53,Spring,13:54:33,0:04:59,5,25,0.67,4.983333333
bimp53,Spring,13:55:33,0:05:59,6,26.32,0.67,5.983333333
bimp53,Spring,13:56:33,0:06:59,7,27.56,0.67,6.983333333
bimp53,Spring,13:57:33,0:07:59,8,27.99,0.67,7.983333333
bimp53,Spring,13:58:33,0:08:59,9,28.81,0.67,8.983333333
bimp53,Spring,13:59:33,0:09:59,10,28.92,0.67,9.983333333
bimp01,Fall,20:16:49,0:00:00,0,16.63,0.85,0
bimp01,Fall,20:17:53,0:01:04,1,22.93,0.85,1.066666667
bimp01,Fall,20:18:50,0:02:01,2,23.88,0.85,2.016666667
bimp01,Fall,20:19:50,0:03:01,3,25.88,0.85,3.016666667
bimp01,Fall,20:20:50,0:04:01,4,26.67,0.85,4.016666667
bimp01,Fall,20:21:50,0:05:01,5,26.63,0.85,5.016666667
bimp01,Fall,20:22:50,0:06:01,6,28.35,0.85,6.016666667
bimp01,Fall,20:23:51,0:07:02,7,29,0.85,7.033333333
bimp01,Fall,20:24:50,0:08:01,8,33.16,0.85,8.016666667
bimp01,Fall,20:25:50,0:09:01,9,37.08,0.85,9.016666667
bimp01,Fall,20:26:50,0:10:01,10,39.71,0.85,10.01666667
bimp02,Fall,20:28:29,0:00:00,0,16.79,0.766,0
bimp02,Fall,20:29:29,0:01:00,1,20.03,0.766,1
bimp02,Fall,20:30:30,0:02:01,2,22.6,0.766,2.016666667
bimp02,Fall,20:32:29,0:04:00,4,25.19,0.766,4
bimp02,Fall,20:33:29,0:05:00,5,25.81,0.766,5
bimp02,Fall,20:34:29,0:06:00,6,27.57,0.766,6
bimp02,Fall,20:35:29,0:07:00,7,29.01,0.766,7
bimp02,Fall,20:36:29,0:08:00,8,34.15,0.766,8
bimp02,Fall,20:37:28,0:08:59,9,37.18,0.766,8.983333333
bimp02,Fall,20:38:29,0:10:00,10,38.18,0.766,10
bimp03,Fall,20:41:16,0:00:00,0,18.1,0.774,0
bimp03,Fall,20:42:21,0:01:05,1,20.85,0.774,1.083333333
bimp03,Fall,20:43:17,0:02:01,2,22.23,0.774,2.016666667
bimp03,Fall,20:44:17,0:03:01,3,23.77,0.774,3.016666667
bimp03,Fall,20:45:28,0:04:12,4,25.23,0.774,4.2
bimp03,Fall,20:46:17,0:05:01,5,25.79,0.774,5.016666667
bimp03,Fall,20:47:20,0:06:04,6,27.36,0.774,6.066666667
bimp03,Fall,20:48:17,0:07:01,7,28.27,0.774,7.016666667
bimp03,Fall,20:49:17,0:08:01,8,28.82,0.774,8.016666667
bimp03,Fall,20:50:17,0:09:01,9,30.03,0.774,9.016666667
bimp03,Fall,20:51:17,0:10:01,10,35.36,0.774,10.01666667
bimp04,Fall,20:52:57,0:00:00,0,16.5,0.582,0
bimp04,Fall,20:53:59,0:01:02,1,19.98,0.582,1.033333333
bimp04,Fall,20:54:41,0:01:44,2,21.37,0.582,1.733333333
bimp04,Fall,20:55:57,0:03:00,3,23.62,0.582,3
bimp04,Fall,20:56:57,0:04:00,4,24.85,0.582,4
bimp04,Fall,20:58:58,0:06:01,6,29.13,0.582,6.016666667
bimp04,Fall,20:59:57,0:07:00,7,31.25,0.582,7
bimp04,Fall,21:00:58,0:08:01,8,34.83,0.582,8.016666667
bimp04,Fall,21:01:58,0:09:01,9,36.9,0.582,9.016666667
bimp04,Fall,21:02:59,0:10:02,10,37.1,0.582,10.03333333
bimp05,Fall,18:51:29,0:00:00,0,15.92,0.714,0
bimp05,Fall,18:52:40,0:01:11,1,18.8,0.714,1.183333333
bimp05,Fall,18:53:27,0:01:58,2,22.49,0.714,1.966666667
bimp05,Fall,18:54:27,0:02:58,3,23.8,0.714,2.966666667
bimp05,Fall,18:55:28,0:03:59,4,25.75,0.714,3.983333333
bimp05,Fall,18:56:27,0:04:58,5,26.49,0.714,4.966666667
bimp05,Fall,18:57:28,0:05:59,6,28.2,0.714,5.983333333
bimp05,Fall,18:58:27,0:06:58,7,28.75,0.714,6.966666667
bimp05,Fall,18:59:27,0:07:58,8,32.26,0.714,7.966666667
bimp05,Fall,19:00:27,0:08:58,9,39.58,0.714,8.966666667
bimp05,Fall,19:01:27,0:09:58,10,39.18,0.714,9.966666667
bimp06,Fall,19:03:19,0:00:00,0,19.36,0.799,0
bimp06,Fall,19:04:20,0:01:01,1,21.35,0.799,1.016666667
bimp06,Fall,19:05:20,0:02:01,2,23.72,0.799,2.016666667
bimp06,Fall,19:06:20,0:03:01,3,25.13,0.799,3.016666667
bimp06,Fall,19:07:20,0:04:01,4,25.9,0.799,4.016666667
bimp06,Fall,19:08:20,0:05:01,5,26.56,0.799,5.016666667
bimp06,Fall,19:09:20,0:06:01,6,28.41,0.799,6.016666667
bimp06,Fall,19:10:20,0:07:01,7,30.35,0.799,7.016666667
bimp06,Fall,19:11:20,0:08:01,8,30.46,0.799,8.016666667
bimp06,Fall,19:12:21,0:09:02,9,34.16,0.799,9.033333333
bimp06,Fall,19:13:19,0:10:00,10,36.13,0.799,10
bimp07,Fall,19:14:54,0:00:00,0,16.27,0.616,0
bimp07,Fall,19:15:58,0:01:04,1,20.34,0.616,1.066666667
bimp07,Fall,19:16:54,0:02:00,2,22.37,0.616,2
bimp07,Fall,19:17:54,0:03:00,3,23.79,0.616,3
bimp07,Fall,19:18:54,0:04:00,4,25.54,0.616,4
bimp07,Fall,19:19:54,0:05:00,5,26.82,0.616,5
bimp07,Fall,19:20:55,0:06:01,6,28.19,0.616,6.016666667
bimp07,Fall,19:21:53,0:06:59,7,30.01,0.616,6.983333333
bimp07,Fall,19:22:54,0:08:00,8,34.62,0.616,8
bimp07,Fall,19:23:54,0:09:00,9,38.17,0.616,9
bimp07,Fall,19:24:54,0:10:00,10,40.43,0.616,10
bimp08,Fall,19:27:53,0:00:00,0,17.82,0.873,0
bimp08,Fall,19:28:54,0:01:01,1,20.09,0.873,1.016666667
bimp08,Fall,19:29:54,0:02:01,2,21.87,0.873,2.016666667
bimp08,Fall,19:30:57,0:03:04,3,23.38,0.873,3.066666667
bimp08,Fall,19:31:54,0:04:01,4,24.43,0.873,4.016666667
bimp08,Fall,19:32:53,0:05:00,5,25.54,0.873,5
bimp08,Fall,19:33:54,0:06:01,6,27.71,0.873,6.016666667
bimp08,Fall,19:34:54,0:07:01,7,29.06,0.873,7.016666667
bimp08,Fall,19:35:54,0:08:01,8,31.96,0.873,8.016666667
bimp08,Fall,19:36:53,0:09:00,9,33.71,0.873,9
bimp08,Fall,19:37:57,0:10:04,10,38.67,0.873,10.06666667
bimp09,Fall,19:38:52,0:00:00,0,14.75,0.701,0
bimp09,Fall,19:39:53,0:01:01,1,17.88,0.701,1.016666667
bimp09,Fall,19:40:52,0:02:00,2,20.7,0.701,2
bimp09,Fall,19:41:52,0:03:00,3,23.51,0.701,3
bimp09,Fall,19:42:53,0:04:01,4,24.34,0.701,4.016666667
bimp09,Fall,19:43:53,0:05:01,5,26.54,0.701,5.016666667
bimp09,Fall,19:44:56,0:06:04,6,27.91,0.701,6.066666667
bimp09,Fall,19:45:53,0:07:01,7,28.87,0.701,7.016666667
bimp09,Fall,19:47:52,0:09:00,9,30.53,0.701,9
bimp09,Fall,19:48:52,0:10:00,10,32.45,0.701,10
bimp10,Fall,19:49:59,0:00:00,0,16.76,0.852,0
bimp10,Fall,19:50:58,0:00:59,1,20.08,0.852,0.983333333
bimp10,Fall,19:52:05,0:02:06,2,22.22,0.852,2.1
bimp10,Fall,19:53:00,0:03:01,3,23.93,0.852,3.016666667
bimp10,Fall,19:53:58,0:03:59,4,24.89,0.852,3.983333333
bimp10,Fall,19:54:59,0:05:00,5,25.96,0.852,5
bimp10,Fall,19:55:59,0:06:00,6,27.08,0.852,6
bimp10,Fall,19:56:59,0:07:00,7,28.13,0.852,7
bimp10,Fall,19:57:59,0:08:00,8,30.29,0.852,8
bimp10,Fall,19:59:03,0:09:04,9,32.88,0.852,9.066666667
bimp10,Fall,20:00:03,0:10:04,10,35.12,0.852,10.06666667
bimp11,Fall,18:10:23,0:00:00,0,13.89,0.542,0
bimp11,Fall,18:11:25,0:01:02,1,18.55,0.542,1.033333333
bimp11,Fall,18:12:26,0:02:03,2,20.88,0.542,2.05
bimp11,Fall,18:13:23,0:03:00,3,22.25,0.542,3
bimp11,Fall,18:14:24,0:04:01,4,24.48,0.542,4.016666667
bimp11,Fall,18:15:23,0:05:00,5,25.42,0.542,5
bimp11,Fall,18:16:23,0:06:00,6,27.29,0.542,6
bimp11,Fall,18:17:24,0:07:01,7,29.14,0.542,7.016666667
bimp11,Fall,18:18:23,0:08:00,8,34.83,0.542,8
bimp11,Fall,18:19:25,0:09:02,9,39.39,0.542,9.033333333
bimp11,Fall,18:20:23,0:10:00,10,40.94,0.542,10
bimp12,Fall,18:22:06,0:00:00,0,15.28,0.731,0
bimp12,Fall,18:23:06,0:01:00,1,17.3,0.731,1
bimp12,Fall,18:24:07,0:02:01,2,20.89,0.731,2.016666667
bimp12,Fall,18:25:07,0:03:01,3,22.52,0.731,3.016666667
bimp12,Fall,18:26:08,0:04:02,4,23.72,0.731,4.033333333
bimp12,Fall,18:27:10,0:05:04,5,24.82,0.731,5.066666667
bimp12,Fall,18:28:07,0:06:01,6,26.26,0.731,6.016666667
bimp12,Fall,18:29:07,0:07:01,7,27.46,0.731,7.016666667
bimp12,Fall,18:30:07,0:08:01,8,29.3,0.731,8.016666667
bimp12,Fall,18:31:07,0:09:01,9,31.67,0.731,9.016666667
bimp12,Fall,18:32:08,0:10:02,10,37.49,0.731,10.03333333
bimp13,Fall,18:34:30,0:00:00,0,17.15,0.629,0
bimp13,Fall,18:35:31,0:01:01,1,21.22,0.629,1.016666667
bimp13,Fall,18:36:32,0:02:02,2,23.02,0.629,2.033333333
bimp13,Fall,18:37:31,0:03:01,3,23.31,0.629,3.016666667
bimp13,Fall,18:38:31,0:04:01,4,23.6,0.629,4.016666667
bimp13,Fall,18:39:30,0:05:00,5,26.01,0.629,5
bimp13,Fall,18:40:32,0:06:02,6,27.26,0.629,6.033333333
bimp13,Fall,18:41:31,0:07:01,7,28.64,0.629,7.016666667
bimp13,Fall,18:42:31,0:08:01,8,30.55,0.629,8.016666667
bimp13,Fall,18:43:31,0:09:01,9,34.21,0.629,9.016666667
bimp13,Fall,18:44:33,0:10:03,10,37.39,0.629,10.05
bimp14,Fall,18:54:47,0:00:00,0,13.15,0.716,0
bimp14,Fall,18:55:47,0:01:00,1,17.64,0.716,1
bimp14,Fall,18:56:48,0:02:01,2,20.15,0.716,2.016666667
bimp14,Fall,18:57:47,0:03:00,3,23.37,0.716,3
bimp14,Fall,18:58:47,0:04:00,4,24.93,0.716,4
bimp14,Fall,18:59:48,0:05:01,5,25.67,0.716,5.016666667
bimp14,Fall,19:00:47,0:06:00,6,26.24,0.716,6
bimp14,Fall,19:01:47,0:07:00,7,27.7,0.716,7
bimp14,Fall,19:02:48,0:08:01,8,28.76,0.716,8.016666667
bimp14,Fall,19:03:47,0:09:00,9,32.83,0.716,9
bimp14,Fall,19:04:49,0:10:02,10,35.36,0.716,10.03333333
bimp15,Fall,19:06:43,0:00:00,0,13.6,0.621,0
bimp15,Fall,19:07:44,0:01:01,1,17.17,0.621,1.016666667
bimp15,Fall,19:08:43,0:02:00,2,20.89,0.621,2
bimp15,Fall,19:09:43,0:03:00,3,22.05,0.621,3
bimp15,Fall,19:10:43,0:04:00,4,23.43,0.621,4
bimp15,Fall,19:11:43,0:05:00,5,24.29,0.621,5
bimp15,Fall,19:12:44,0:06:01,6,26.18,0.621,6.016666667
bimp15,Fall,19:13:47,0:07:04,7,28.22,0.621,7.066666667
bimp15,Fall,19:14:46,0:08:03,8,31.05,0.621,8.05
bimp15,Fall,19:15:58,0:09:15,9,34.33,0.621,9.25
bimp15,Fall,19:16:44,0:10:01,10,36.22,0.621,10.01666667
bimp16,Fall,19:19:12,0:00:00,0,14.24,0.64,0
bimp16,Fall,19:20:13,0:01:01,1,17.69,0.64,1.016666667
bimp16,Fall,19:21:11,0:01:59,2,22.13,0.64,1.983333333
bimp16,Fall,19:22:13,0:03:01,3,23.51,0.64,3.016666667
bimp16,Fall,19:23:12,0:04:00,4,24.78,0.64,4
bimp16,Fall,19:24:12,0:05:00,5,25.76,0.64,5
bimp16,Fall,19:25:12,0:06:00,6,27.49,0.64,6
bimp16,Fall,19:26:12,0:07:00,7,29.89,0.64,7
bimp16,Fall,19:28:13,0:09:01,9,36.97,0.64,9.016666667
bimp16,Fall,19:29:12,0:10:00,10,40.06,0.64,10
bimp17,Fall,19:30:34,0:00:00,0,18.43,0.785,0
bimp17,Fall,19:31:34,0:01:00,1,20.84,0.785,1
bimp17,Fall,19:32:35,0:02:01,2,22.61,0.785,2.016666667
bimp17,Fall,19:33:35,0:03:01,3,23.69,0.785,3.016666667
bimp17,Fall,19:34:34,0:04:00,4,25.35,0.785,4
bimp17,Fall,19:35:34,0:05:00,5,26.26,0.785,5
bimp17,Fall,19:36:38,0:06:04,6,27.24,0.785,6.066666667
bimp17,Fall,19:37:35,0:07:01,7,29.49,0.785,7.016666667
bimp17,Fall,19:38:35,0:08:01,8,30.25,0.785,8.016666667
bimp17,Fall,19:39:35,0:09:01,9,35.39,0.785,9.016666667
bimp17,Fall,19:40:35,0:10:01,10,38.74,0.785,10.01666667
bimp18,Fall,20:41:11,0:00:00,0,15,0.801,0
bimp18,Fall,20:42:10,0:00:59,1,20.5,0.801,0.983333333
bimp18,Fall,20:43:11,0:02:00,2,22.58,0.801,2
bimp18,Fall,20:44:10,0:02:59,3,23.42,0.801,2.983333333
bimp18,Fall,20:45:10,0:03:59,4,24.25,0.801,3.983333333
bimp18,Fall,20:46:10,0:04:59,5,25.47,0.801,4.983333333
bimp18,Fall,20:47:11,0:06:00,6,26.49,0.801,6
bimp18,Fall,20:48:10,0:06:59,7,27.5,0.801,6.983333333
bimp18,Fall,20:49:10,0:07:59,8,29.66,0.801,7.983333333
bimp18,Fall,20:50:10,0:08:59,9,31.3,0.801,8.983333333
bimp18,Fall,20:51:10,0:09:59,10,35.2,0.801,9.983333333
bimp19,Fall,18:24:09,0:00:00,0,15.65,0.71,0
bimp19,Fall,18:25:16,0:01:07,1,20.69,0.71,1.116666667
bimp19,Fall,18:26:13,0:02:04,2,22.36,0.71,2.066666667
bimp19,Fall,18:27:11,0:03:02,3,23.41,0.71,3.033333333
bimp19,Fall,18:28:09,0:04:00,4,24.66,0.71,4
bimp19,Fall,18:29:10,0:05:01,5,25.64,0.71,5.016666667
bimp19,Fall,18:30:10,0:06:01,6,26.42,0.71,6.016666667
bimp19,Fall,18:31:10,0:07:01,7,28.98,0.71,7.016666667
bimp19,Fall,18:32:15,0:08:06,8,32.75,0.71,8.1
bimp19,Fall,18:33:31,0:09:22,9,38.35,0.71,9.366666667
bimp19,Fall,18:34:10,0:10:01,10,38.31,0.71,10.01666667
bimp20,Fall,18:36:25,0:00:00,0,14.24,0.68,0
bimp20,Fall,18:37:25,0:01:00,1,18.87,0.68,1
bimp20,Fall,18:38:25,0:02:00,2,21.88,0.68,2
bimp20,Fall,18:39:25,0:03:00,3,22.96,0.68,3
bimp20,Fall,18:40:25,0:04:00,4,24.39,0.68,4
bimp20,Fall,18:41:26,0:05:01,5,24.69,0.68,5.016666667
bimp20,Fall,18:42:27,0:06:02,6,26.33,0.68,6.033333333
bimp20,Fall,18:43:25,0:07:00,7,27.39,0.68,7
bimp20,Fall,18:44:25,0:08:00,8,29.16,0.68,8
bimp20,Fall,18:45:25,0:09:00,9,33.09,0.68,9
bimp20,Fall,18:46:25,0:10:00,10,36.49,0.68,10
